"sample","value","count","prop","label"
"xenium_hbreast_sp1","0",41467204,0.7963,"41,467,204 (79.6349%)"
"xenium_hbreast_sp1","1",5144200,0.0988,"5,144,200 (9.8791%)"
"xenium_hbreast_sp1","2",2066799,0.0397,"2,066,799 (3.9691%)"
"xenium_hbreast_sp1","3",1063124,0.0204,"1,063,124 (2.0417%)"
"xenium_hbreast_sp1","4",621448,0.0119,"621,448 (1.1934%)"
"xenium_hbreast_sp1","5",399119,0.0077,"399,119 (0.7665%)"
"xenium_hbreast_sp1","6",272747,0.0052,"272,747 (0.5238%)"
"xenium_hbreast_sp1","7",195268,0.0037,"195,268 (0.375%)"
"xenium_hbreast_sp1","8",146629,0.0028,"146,629 (0.2816%)"
"xenium_hbreast_sp1","9",112721,0.0022,"112,721 (0.2165%)"
"xenium_hbreast_sp1","10",88923,0.0017,"88,923 (0.1708%)"
"xenium_hbreast_sp1","11",71466,0.0014,"71,466 (0.1372%)"
"xenium_hbreast_sp1","12",58438,0.0011,"58,438 (0.1122%)"
"xenium_hbreast_sp1","13",48282,9e-04,"48,282 (0.0927%)"
"xenium_hbreast_sp1","14",40854,8e-04,"40,854 (0.0785%)"
"xenium_hbreast_sp1","15",33831,6e-04,"33,831 (0.065%)"
"xenium_hbreast_sp1","16",29442,6e-04,"29,442 (0.0565%)"
"xenium_hbreast_sp1","17",24683,5e-04,"24,683 (0.0474%)"
"xenium_hbreast_sp1","18",21677,4e-04,"21,677 (0.0416%)"
"xenium_hbreast_sp1","19",18660,4e-04,"18,660 (0.0358%)"
"xenium_hbreast_sp1","20",16439,3e-04,"16,439 (0.0316%)"
"xenium_hbreast_sp1","21",14287,3e-04,"14,287 (0.0274%)"
"xenium_hbreast_sp1","22",12246,2e-04,"12,246 (0.0235%)"
"xenium_hbreast_sp1","23",10654,2e-04,"10,654 (0.0205%)"
"xenium_hbreast_sp1","24",9455,2e-04,"9,455 (0.0182%)"
"xenium_hbreast_sp1","25",8575,2e-04,"8,575 (0.0165%)"
"xenium_hbreast_sp1","26",7588,1e-04,"7,588 (0.0146%)"
"xenium_hbreast_sp1","27",6655,1e-04,"6,655 (0.0128%)"
"xenium_hbreast_sp1","28",5831,1e-04,"5,831 (0.0112%)"
"xenium_hbreast_sp1","29",5287,1e-04,"5,287 (0.0102%)"
"xenium_hbreast_sp1","30",4775,1e-04,"4,775 (0.0092%)"
"xenium_hbreast_sp1","31",4226,1e-04,"4,226 (0.0081%)"
"xenium_hbreast_sp1","32",3828,1e-04,"3,828 (0.0074%)"
"xenium_hbreast_sp1","33",3390,1e-04,"3,390 (0.0065%)"
"xenium_hbreast_sp1","34",2996,1e-04,"2,996 (0.0058%)"
"xenium_hbreast_sp1","35",2700,1e-04,"2,700 (0.0052%)"
"xenium_hbreast_sp1","36",2488,0,"2,488 (0.0048%)"
"xenium_hbreast_sp1","37",2232,0,"2,232 (0.0043%)"
"xenium_hbreast_sp1","38",2013,0,"2,013 (0.0039%)"
"xenium_hbreast_sp1","39",1852,0,"1,852 (0.0036%)"
"xenium_hbreast_sp1","40",1718,0,"1,718 (0.0033%)"
"xenium_hbreast_sp1","41",1501,0,"1,501 (0.0029%)"
"xenium_hbreast_sp1","42",1320,0,"1,320 (0.0025%)"
"xenium_hbreast_sp1","43",1281,0,"1,281 (0.0025%)"
"xenium_hbreast_sp1","44",1128,0,"1,128 (0.0022%)"
"xenium_hbreast_sp1","45",1012,0,"1,012 (0.0019%)"
"xenium_hbreast_sp1","46",908,0,"908 (0.0017%)"
"xenium_hbreast_sp1","47",809,0,"809 (0.0016%)"
"xenium_hbreast_sp1","48",832,0,"832 (0.0016%)"
"xenium_hbreast_sp1","49",685,0,"685 (0.0013%)"
"xenium_hbreast_sp1","50",596,0,"596 (0.0011%)"
"xenium_hbreast_sp1","51",587,0,"587 (0.0011%)"
"xenium_hbreast_sp1","52",547,0,"547 (0.0011%)"
"xenium_hbreast_sp1","53",469,0,"469 (9e-04%)"
"xenium_hbreast_sp1","54",463,0,"463 (9e-04%)"
"xenium_hbreast_sp1","55",380,0,"380 (7e-04%)"
"xenium_hbreast_sp1","56",368,0,"368 (7e-04%)"
"xenium_hbreast_sp1","57",357,0,"357 (7e-04%)"
"xenium_hbreast_sp1","58",299,0,"299 (6e-04%)"
"xenium_hbreast_sp1","59",263,0,"263 (5e-04%)"
"xenium_hbreast_sp1","60",242,0,"242 (5e-04%)"
"xenium_hbreast_sp1","61",244,0,"244 (5e-04%)"
"xenium_hbreast_sp1","62",206,0,"206 (4e-04%)"
"xenium_hbreast_sp1","63",199,0,"199 (4e-04%)"
"xenium_hbreast_sp1","64",204,0,"204 (4e-04%)"
"xenium_hbreast_sp1","65",169,0,"169 (3e-04%)"
"xenium_hbreast_sp1","66",162,0,"162 (3e-04%)"
"xenium_hbreast_sp1","67",132,0,"132 (3e-04%)"
"xenium_hbreast_sp1","68",131,0,"131 (3e-04%)"
"xenium_hbreast_sp1","69",111,0,"111 (2e-04%)"
"xenium_hbreast_sp1","70",107,0,"107 (2e-04%)"
"xenium_hbreast_sp1","71",96,0,"96 (2e-04%)"
"xenium_hbreast_sp1","72",74,0,"74 (1e-04%)"
"xenium_hbreast_sp1","73",80,0,"80 (2e-04%)"
"xenium_hbreast_sp1","74",66,0,"66 (1e-04%)"
"xenium_hbreast_sp1","75",64,0,"64 (1e-04%)"
"xenium_hbreast_sp1","76",64,0,"64 (1e-04%)"
"xenium_hbreast_sp1","77",59,0,"59 (1e-04%)"
"xenium_hbreast_sp1","78",58,0,"58 (1e-04%)"
"xenium_hbreast_sp1","79",56,0,"56 (1e-04%)"
"xenium_hbreast_sp1","80",46,0,"46 (1e-04%)"
"xenium_hbreast_sp1","81",33,0,"33 (1e-04%)"
"xenium_hbreast_sp1","82",34,0,"34 (1e-04%)"
"xenium_hbreast_sp1","83",41,0,"41 (1e-04%)"
"xenium_hbreast_sp1","84",30,0,"30 (1e-04%)"
"xenium_hbreast_sp1","85",28,0,"28 (1e-04%)"
"xenium_hbreast_sp1","86",29,0,"29 (1e-04%)"
"xenium_hbreast_sp1","87",30,0,"30 (1e-04%)"
"xenium_hbreast_sp1","88",12,0,"12 (0%)"
"xenium_hbreast_sp1","89",23,0,"23 (0%)"
"xenium_hbreast_sp1","90",13,0,"13 (0%)"
"xenium_hbreast_sp1","91",16,0,"16 (0%)"
"xenium_hbreast_sp1","92",16,0,"16 (0%)"
"xenium_hbreast_sp1","93",12,0,"12 (0%)"
"xenium_hbreast_sp1","94",16,0,"16 (0%)"
"xenium_hbreast_sp1","95",8,0,"8 (0%)"
"xenium_hbreast_sp1","96",11,0,"11 (0%)"
"xenium_hbreast_sp1","97",12,0,"12 (0%)"
"xenium_hbreast_sp1","98",7,0,"7 (0%)"
"xenium_hbreast_sp1","99",7,0,"7 (0%)"
"xenium_hbreast_sp1","100",8,0,"8 (0%)"
"xenium_hbreast_sp1","101",4,0,"4 (0%)"
"xenium_hbreast_sp1","102",7,0,"7 (0%)"
"xenium_hbreast_sp1","103",6,0,"6 (0%)"
"xenium_hbreast_sp1","104",8,0,"8 (0%)"
"xenium_hbreast_sp1","105",2,0,"2 (0%)"
"xenium_hbreast_sp1","106",2,0,"2 (0%)"
"xenium_hbreast_sp1","107",3,0,"3 (0%)"
"xenium_hbreast_sp1","108",5,0,"5 (0%)"
"xenium_hbreast_sp1","109",2,0,"2 (0%)"
"xenium_hbreast_sp1","110",4,0,"4 (0%)"
"xenium_hbreast_sp1","111",7,0,"7 (0%)"
"xenium_hbreast_sp1","112",12,0,"12 (0%)"
"xenium_hbreast_sp1","113",1,0,"1 (0%)"
"xenium_hbreast_sp1","114",2,0,"2 (0%)"
"xenium_hbreast_sp1","115",1,0,"1 (0%)"
"xenium_hbreast_sp1","116",1,0,"1 (0%)"
"xenium_hbreast_sp1","117",1,0,"1 (0%)"
"xenium_hbreast_sp1","118",4,0,"4 (0%)"
"xenium_hbreast_sp1","119",1,0,"1 (0%)"
"xenium_hbreast_sp1","120",3,0,"3 (0%)"
"xenium_hbreast_sp1","121",4,0,"4 (0%)"
"xenium_hbreast_sp1","122",1,0,"1 (0%)"
"xenium_hbreast_sp1","123",2,0,"2 (0%)"
"xenium_hbreast_sp1","124",2,0,"2 (0%)"
"xenium_hbreast_sp1","125",2,0,"2 (0%)"
"xenium_hbreast_sp1","126",1,0,"1 (0%)"
"xenium_hbreast_sp1","127",2,0,"2 (0%)"
"xenium_hbreast_sp1","128",2,0,"2 (0%)"
"xenium_hbreast_sp1","130",3,0,"3 (0%)"
"xenium_hbreast_sp1","133",1,0,"1 (0%)"
"xenium_hbreast_sp1","134",1,0,"1 (0%)"
"xenium_hbreast_sp1","135",1,0,"1 (0%)"
"xenium_hbreast_sp1","137",1,0,"1 (0%)"
"xenium_hbreast_sp1","138",1,0,"1 (0%)"
"xenium_hbreast_sp1","139",1,0,"1 (0%)"
"xenium_hbreast_sp1","140",1,0,"1 (0%)"
"xenium_hbreast_sp1","143",1,0,"1 (0%)"
"xenium_hbreast_sp1","146",1,0,"1 (0%)"
"xenium_hbreast_sp1","151",1,0,"1 (0%)"
"xenium_hbreast_sp1","153",1,0,"1 (0%)"
"xenium_hbreast_sp1","166",1,0,"1 (0%)"
"xenium_hbreast_sp1","167",1,0,"1 (0%)"
"xenium_hbreast_sp2","0",35057440,0.8583,"35,057,440 (85.8274%)"
"xenium_hbreast_sp2","1",3605558,0.0883,"3,605,558 (8.8271%)"
"xenium_hbreast_sp2","2",1053390,0.0258,"1,053,390 (2.5789%)"
"xenium_hbreast_sp2","3",434349,0.0106,"434,349 (1.0634%)"
"xenium_hbreast_sp2","4",222452,0.0054,"222,452 (0.5446%)"
"xenium_hbreast_sp2","5",128534,0.0031,"128,534 (0.3147%)"
"xenium_hbreast_sp2","6",80896,0.002,"80,896 (0.198%)"
"xenium_hbreast_sp2","7",54206,0.0013,"54,206 (0.1327%)"
"xenium_hbreast_sp2","8",38511,9e-04,"38,511 (0.0943%)"
"xenium_hbreast_sp2","9",28295,7e-04,"28,295 (0.0693%)"
"xenium_hbreast_sp2","10",21560,5e-04,"21,560 (0.0528%)"
"xenium_hbreast_sp2","11",16973,4e-04,"16,973 (0.0416%)"
"xenium_hbreast_sp2","12",13496,3e-04,"13,496 (0.033%)"
"xenium_hbreast_sp2","13",10986,3e-04,"10,986 (0.0269%)"
"xenium_hbreast_sp2","14",8981,2e-04,"8,981 (0.022%)"
"xenium_hbreast_sp2","15",7607,2e-04,"7,607 (0.0186%)"
"xenium_hbreast_sp2","16",6360,2e-04,"6,360 (0.0156%)"
"xenium_hbreast_sp2","17",5530,1e-04,"5,530 (0.0135%)"
"xenium_hbreast_sp2","18",4731,1e-04,"4,731 (0.0116%)"
"xenium_hbreast_sp2","19",4115,1e-04,"4,115 (0.0101%)"
"xenium_hbreast_sp2","20",3603,1e-04,"3,603 (0.0088%)"
"xenium_hbreast_sp2","21",3216,1e-04,"3,216 (0.0079%)"
"xenium_hbreast_sp2","22",2774,1e-04,"2,774 (0.0068%)"
"xenium_hbreast_sp2","23",2422,1e-04,"2,422 (0.0059%)"
"xenium_hbreast_sp2","24",2221,1e-04,"2,221 (0.0054%)"
"xenium_hbreast_sp2","25",2007,0,"2,007 (0.0049%)"
"xenium_hbreast_sp2","26",1872,0,"1,872 (0.0046%)"
"xenium_hbreast_sp2","27",1699,0,"1,699 (0.0042%)"
"xenium_hbreast_sp2","28",1546,0,"1,546 (0.0038%)"
"xenium_hbreast_sp2","29",1414,0,"1,414 (0.0035%)"
"xenium_hbreast_sp2","30",1265,0,"1,265 (0.0031%)"
"xenium_hbreast_sp2","31",1148,0,"1,148 (0.0028%)"
"xenium_hbreast_sp2","32",1067,0,"1,067 (0.0026%)"
"xenium_hbreast_sp2","33",1035,0,"1,035 (0.0025%)"
"xenium_hbreast_sp2","34",895,0,"895 (0.0022%)"
"xenium_hbreast_sp2","35",897,0,"897 (0.0022%)"
"xenium_hbreast_sp2","36",789,0,"789 (0.0019%)"
"xenium_hbreast_sp2","37",748,0,"748 (0.0018%)"
"xenium_hbreast_sp2","38",724,0,"724 (0.0018%)"
"xenium_hbreast_sp2","39",639,0,"639 (0.0016%)"
"xenium_hbreast_sp2","40",592,0,"592 (0.0014%)"
"xenium_hbreast_sp2","41",591,0,"591 (0.0014%)"
"xenium_hbreast_sp2","42",565,0,"565 (0.0014%)"
"xenium_hbreast_sp2","43",501,0,"501 (0.0012%)"
"xenium_hbreast_sp2","44",463,0,"463 (0.0011%)"
"xenium_hbreast_sp2","45",438,0,"438 (0.0011%)"
"xenium_hbreast_sp2","46",439,0,"439 (0.0011%)"
"xenium_hbreast_sp2","47",390,0,"390 (0.001%)"
"xenium_hbreast_sp2","48",334,0,"334 (8e-04%)"
"xenium_hbreast_sp2","49",374,0,"374 (9e-04%)"
"xenium_hbreast_sp2","50",335,0,"335 (8e-04%)"
"xenium_hbreast_sp2","51",288,0,"288 (7e-04%)"
"xenium_hbreast_sp2","52",282,0,"282 (7e-04%)"
"xenium_hbreast_sp2","53",304,0,"304 (7e-04%)"
"xenium_hbreast_sp2","54",263,0,"263 (6e-04%)"
"xenium_hbreast_sp2","55",232,0,"232 (6e-04%)"
"xenium_hbreast_sp2","56",238,0,"238 (6e-04%)"
"xenium_hbreast_sp2","57",227,0,"227 (6e-04%)"
"xenium_hbreast_sp2","58",250,0,"250 (6e-04%)"
"xenium_hbreast_sp2","59",195,0,"195 (5e-04%)"
"xenium_hbreast_sp2","60",188,0,"188 (5e-04%)"
"xenium_hbreast_sp2","61",165,0,"165 (4e-04%)"
"xenium_hbreast_sp2","62",165,0,"165 (4e-04%)"
"xenium_hbreast_sp2","63",174,0,"174 (4e-04%)"
"xenium_hbreast_sp2","64",126,0,"126 (3e-04%)"
"xenium_hbreast_sp2","65",157,0,"157 (4e-04%)"
"xenium_hbreast_sp2","66",134,0,"134 (3e-04%)"
"xenium_hbreast_sp2","67",139,0,"139 (3e-04%)"
"xenium_hbreast_sp2","68",116,0,"116 (3e-04%)"
"xenium_hbreast_sp2","69",103,0,"103 (3e-04%)"
"xenium_hbreast_sp2","70",98,0,"98 (2e-04%)"
"xenium_hbreast_sp2","71",107,0,"107 (3e-04%)"
"xenium_hbreast_sp2","72",102,0,"102 (2e-04%)"
"xenium_hbreast_sp2","73",87,0,"87 (2e-04%)"
"xenium_hbreast_sp2","74",98,0,"98 (2e-04%)"
"xenium_hbreast_sp2","75",86,0,"86 (2e-04%)"
"xenium_hbreast_sp2","76",72,0,"72 (2e-04%)"
"xenium_hbreast_sp2","77",69,0,"69 (2e-04%)"
"xenium_hbreast_sp2","78",55,0,"55 (1e-04%)"
"xenium_hbreast_sp2","79",49,0,"49 (1e-04%)"
"xenium_hbreast_sp2","80",58,0,"58 (1e-04%)"
"xenium_hbreast_sp2","81",58,0,"58 (1e-04%)"
"xenium_hbreast_sp2","82",36,0,"36 (1e-04%)"
"xenium_hbreast_sp2","83",48,0,"48 (1e-04%)"
"xenium_hbreast_sp2","84",48,0,"48 (1e-04%)"
"xenium_hbreast_sp2","85",34,0,"34 (1e-04%)"
"xenium_hbreast_sp2","86",35,0,"35 (1e-04%)"
"xenium_hbreast_sp2","87",37,0,"37 (1e-04%)"
"xenium_hbreast_sp2","88",32,0,"32 (1e-04%)"
"xenium_hbreast_sp2","89",36,0,"36 (1e-04%)"
"xenium_hbreast_sp2","90",24,0,"24 (1e-04%)"
"xenium_hbreast_sp2","91",25,0,"25 (1e-04%)"
"xenium_hbreast_sp2","92",24,0,"24 (1e-04%)"
"xenium_hbreast_sp2","93",27,0,"27 (1e-04%)"
"xenium_hbreast_sp2","94",22,0,"22 (1e-04%)"
"xenium_hbreast_sp2","95",17,0,"17 (0%)"
"xenium_hbreast_sp2","96",13,0,"13 (0%)"
"xenium_hbreast_sp2","97",17,0,"17 (0%)"
"xenium_hbreast_sp2","98",21,0,"21 (1e-04%)"
"xenium_hbreast_sp2","99",19,0,"19 (0%)"
"xenium_hbreast_sp2","100",19,0,"19 (0%)"
"xenium_hbreast_sp2","101",11,0,"11 (0%)"
"xenium_hbreast_sp2","102",19,0,"19 (0%)"
"xenium_hbreast_sp2","103",15,0,"15 (0%)"
"xenium_hbreast_sp2","104",13,0,"13 (0%)"
"xenium_hbreast_sp2","105",11,0,"11 (0%)"
"xenium_hbreast_sp2","106",13,0,"13 (0%)"
"xenium_hbreast_sp2","107",14,0,"14 (0%)"
"xenium_hbreast_sp2","108",8,0,"8 (0%)"
"xenium_hbreast_sp2","109",14,0,"14 (0%)"
"xenium_hbreast_sp2","110",12,0,"12 (0%)"
"xenium_hbreast_sp2","111",7,0,"7 (0%)"
"xenium_hbreast_sp2","112",8,0,"8 (0%)"
"xenium_hbreast_sp2","113",7,0,"7 (0%)"
"xenium_hbreast_sp2","114",9,0,"9 (0%)"
"xenium_hbreast_sp2","115",7,0,"7 (0%)"
"xenium_hbreast_sp2","116",5,0,"5 (0%)"
"xenium_hbreast_sp2","117",6,0,"6 (0%)"
"xenium_hbreast_sp2","118",6,0,"6 (0%)"
"xenium_hbreast_sp2","119",6,0,"6 (0%)"
"xenium_hbreast_sp2","120",4,0,"4 (0%)"
"xenium_hbreast_sp2","121",4,0,"4 (0%)"
"xenium_hbreast_sp2","122",4,0,"4 (0%)"
"xenium_hbreast_sp2","123",4,0,"4 (0%)"
"xenium_hbreast_sp2","124",2,0,"2 (0%)"
"xenium_hbreast_sp2","125",3,0,"3 (0%)"
"xenium_hbreast_sp2","126",5,0,"5 (0%)"
"xenium_hbreast_sp2","127",3,0,"3 (0%)"
"xenium_hbreast_sp2","128",3,0,"3 (0%)"
"xenium_hbreast_sp2","129",1,0,"1 (0%)"
"xenium_hbreast_sp2","130",1,0,"1 (0%)"
"xenium_hbreast_sp2","131",3,0,"3 (0%)"
"xenium_hbreast_sp2","132",1,0,"1 (0%)"
"xenium_hbreast_sp2","133",4,0,"4 (0%)"
"xenium_hbreast_sp2","135",4,0,"4 (0%)"
"xenium_hbreast_sp2","136",3,0,"3 (0%)"
"xenium_hbreast_sp2","138",2,0,"2 (0%)"
"xenium_hbreast_sp2","139",1,0,"1 (0%)"
"xenium_hbreast_sp2","141",3,0,"3 (0%)"
"xenium_hbreast_sp2","142",3,0,"3 (0%)"
"xenium_hbreast_sp2","144",1,0,"1 (0%)"
"xenium_hbreast_sp2","145",2,0,"2 (0%)"
"xenium_hbreast_sp2","147",2,0,"2 (0%)"
"xenium_hbreast_sp2","149",1,0,"1 (0%)"
"xenium_hbreast_sp2","150",1,0,"1 (0%)"
"xenium_hbreast_sp2","151",2,0,"2 (0%)"
"xenium_hbreast_sp2","152",1,0,"1 (0%)"
"xenium_hbreast_sp2","153",1,0,"1 (0%)"
"xenium_hbreast_sp2","154",4,0,"4 (0%)"
"xenium_hbreast_sp2","160",2,0,"2 (0%)"
"xenium_hbreast_sp2","162",1,0,"1 (0%)"
"xenium_hbreast_sp2","164",1,0,"1 (0%)"
"xenium_hbreast_sp2","178",2,0,"2 (0%)"
"xenium_hbreast_sp2","180",2,0,"2 (0%)"
"merscope_sp1","0",238228870,0.7346,"238,228,870 (73.4637%)"
"merscope_sp1","1",40658632,0.1254,"40,658,632 (12.5381%)"
"merscope_sp1","2",14840099,0.0458,"14,840,099 (4.5763%)"
"merscope_sp1","3",7963622,0.0246,"7,963,622 (2.4558%)"
"merscope_sp1","4",5048353,0.0156,"5,048,353 (1.5568%)"
"merscope_sp1","5",3480509,0.0107,"3,480,509 (1.0733%)"
"merscope_sp1","6",2524206,0.0078,"2,524,206 (0.7784%)"
"merscope_sp1","7",1892593,0.0058,"1,892,593 (0.5836%)"
"merscope_sp1","8",1462514,0.0045,"1,462,514 (0.451%)"
"merscope_sp1","9",1153246,0.0036,"1,153,246 (0.3556%)"
"merscope_sp1","10",927000,0.0029,"927,000 (0.2859%)"
"merscope_sp1","11",755922,0.0023,"755,922 (0.2331%)"
"merscope_sp1","12",622645,0.0019,"622,645 (0.192%)"
"merscope_sp1","13",519575,0.0016,"519,575 (0.1602%)"
"merscope_sp1","14",438972,0.0014,"438,972 (0.1354%)"
"merscope_sp1","15",371235,0.0011,"371,235 (0.1145%)"
"merscope_sp1","16",317417,0.001,"317,417 (0.0979%)"
"merscope_sp1","17",273817,8e-04,"273,817 (0.0844%)"
"merscope_sp1","18",237235,7e-04,"237,235 (0.0732%)"
"merscope_sp1","19",206874,6e-04,"206,874 (0.0638%)"
"merscope_sp1","20",182481,6e-04,"182,481 (0.0563%)"
"merscope_sp1","21",161192,5e-04,"161,192 (0.0497%)"
"merscope_sp1","22",142812,4e-04,"142,812 (0.044%)"
"merscope_sp1","23",128076,4e-04,"128,076 (0.0395%)"
"merscope_sp1","24",114652,4e-04,"114,652 (0.0354%)"
"merscope_sp1","25",102559,3e-04,"102,559 (0.0316%)"
"merscope_sp1","26",93064,3e-04,"93,064 (0.0287%)"
"merscope_sp1","27",84628,3e-04,"84,628 (0.0261%)"
"merscope_sp1","28",76823,2e-04,"76,823 (0.0237%)"
"merscope_sp1","29",70338,2e-04,"70,338 (0.0217%)"
"merscope_sp1","30",64443,2e-04,"64,443 (0.0199%)"
"merscope_sp1","31",59333,2e-04,"59,333 (0.0183%)"
"merscope_sp1","32",54877,2e-04,"54,877 (0.0169%)"
"merscope_sp1","33",50590,2e-04,"50,590 (0.0156%)"
"merscope_sp1","34",47088,1e-04,"47,088 (0.0145%)"
"merscope_sp1","35",43202,1e-04,"43,202 (0.0133%)"
"merscope_sp1","36",40566,1e-04,"40,566 (0.0125%)"
"merscope_sp1","37",38070,1e-04,"38,070 (0.0117%)"
"merscope_sp1","38",35338,1e-04,"35,338 (0.0109%)"
"merscope_sp1","39",33118,1e-04,"33,118 (0.0102%)"
"merscope_sp1","40",31363,1e-04,"31,363 (0.0097%)"
"merscope_sp1","41",29512,1e-04,"29,512 (0.0091%)"
"merscope_sp1","42",27762,1e-04,"27,762 (0.0086%)"
"merscope_sp1","43",26034,1e-04,"26,034 (0.008%)"
"merscope_sp1","44",24877,1e-04,"24,877 (0.0077%)"
"merscope_sp1","45",23443,1e-04,"23,443 (0.0072%)"
"merscope_sp1","46",22150,1e-04,"22,150 (0.0068%)"
"merscope_sp1","47",20931,1e-04,"20,931 (0.0065%)"
"merscope_sp1","48",19804,1e-04,"19,804 (0.0061%)"
"merscope_sp1","49",19059,1e-04,"19,059 (0.0059%)"
"merscope_sp1","50",17719,1e-04,"17,719 (0.0055%)"
"merscope_sp1","51",17232,1e-04,"17,232 (0.0053%)"
"merscope_sp1","52",16325,1e-04,"16,325 (0.005%)"
"merscope_sp1","53",15529,0,"15,529 (0.0048%)"
"merscope_sp1","54",14881,0,"14,881 (0.0046%)"
"merscope_sp1","55",13958,0,"13,958 (0.0043%)"
"merscope_sp1","56",13407,0,"13,407 (0.0041%)"
"merscope_sp1","57",12927,0,"12,927 (0.004%)"
"merscope_sp1","58",12327,0,"12,327 (0.0038%)"
"merscope_sp1","59",11619,0,"11,619 (0.0036%)"
"merscope_sp1","60",11259,0,"11,259 (0.0035%)"
"merscope_sp1","61",10870,0,"10,870 (0.0034%)"
"merscope_sp1","62",10319,0,"10,319 (0.0032%)"
"merscope_sp1","63",10028,0,"10,028 (0.0031%)"
"merscope_sp1","64",9800,0,"9,800 (0.003%)"
"merscope_sp1","65",9335,0,"9,335 (0.0029%)"
"merscope_sp1","66",8691,0,"8,691 (0.0027%)"
"merscope_sp1","67",8391,0,"8,391 (0.0026%)"
"merscope_sp1","68",8005,0,"8,005 (0.0025%)"
"merscope_sp1","69",7738,0,"7,738 (0.0024%)"
"merscope_sp1","70",7532,0,"7,532 (0.0023%)"
"merscope_sp1","71",7240,0,"7,240 (0.0022%)"
"merscope_sp1","72",7008,0,"7,008 (0.0022%)"
"merscope_sp1","73",6700,0,"6,700 (0.0021%)"
"merscope_sp1","74",6571,0,"6,571 (0.002%)"
"merscope_sp1","75",6263,0,"6,263 (0.0019%)"
"merscope_sp1","76",6077,0,"6,077 (0.0019%)"
"merscope_sp1","77",5795,0,"5,795 (0.0018%)"
"merscope_sp1","78",5536,0,"5,536 (0.0017%)"
"merscope_sp1","79",5362,0,"5,362 (0.0017%)"
"merscope_sp1","80",5109,0,"5,109 (0.0016%)"
"merscope_sp1","81",5003,0,"5,003 (0.0015%)"
"merscope_sp1","82",4821,0,"4,821 (0.0015%)"
"merscope_sp1","83",4618,0,"4,618 (0.0014%)"
"merscope_sp1","84",4473,0,"4,473 (0.0014%)"
"merscope_sp1","85",4252,0,"4,252 (0.0013%)"
"merscope_sp1","86",4325,0,"4,325 (0.0013%)"
"merscope_sp1","87",4097,0,"4,097 (0.0013%)"
"merscope_sp1","88",3966,0,"3,966 (0.0012%)"
"merscope_sp1","89",3822,0,"3,822 (0.0012%)"
"merscope_sp1","90",3721,0,"3,721 (0.0011%)"
"merscope_sp1","91",3638,0,"3,638 (0.0011%)"
"merscope_sp1","92",3394,0,"3,394 (0.001%)"
"merscope_sp1","93",3356,0,"3,356 (0.001%)"
"merscope_sp1","94",3358,0,"3,358 (0.001%)"
"merscope_sp1","95",3168,0,"3,168 (0.001%)"
"merscope_sp1","96",3038,0,"3,038 (9e-04%)"
"merscope_sp1","97",2927,0,"2,927 (9e-04%)"
"merscope_sp1","98",2923,0,"2,923 (9e-04%)"
"merscope_sp1","99",2806,0,"2,806 (9e-04%)"
"merscope_sp1","100",2681,0,"2,681 (8e-04%)"
"merscope_sp1","101",2579,0,"2,579 (8e-04%)"
"merscope_sp1","102",2656,0,"2,656 (8e-04%)"
"merscope_sp1","103",2492,0,"2,492 (8e-04%)"
"merscope_sp1","104",2451,0,"2,451 (8e-04%)"
"merscope_sp1","105",2264,0,"2,264 (7e-04%)"
"merscope_sp1","106",2309,0,"2,309 (7e-04%)"
"merscope_sp1","107",2245,0,"2,245 (7e-04%)"
"merscope_sp1","108",2060,0,"2,060 (6e-04%)"
"merscope_sp1","109",2083,0,"2,083 (6e-04%)"
"merscope_sp1","110",1959,0,"1,959 (6e-04%)"
"merscope_sp1","111",1852,0,"1,852 (6e-04%)"
"merscope_sp1","112",1974,0,"1,974 (6e-04%)"
"merscope_sp1","113",1887,0,"1,887 (6e-04%)"
"merscope_sp1","114",1809,0,"1,809 (6e-04%)"
"merscope_sp1","115",1794,0,"1,794 (6e-04%)"
"merscope_sp1","116",1759,0,"1,759 (5e-04%)"
"merscope_sp1","117",1597,0,"1,597 (5e-04%)"
"merscope_sp1","118",1587,0,"1,587 (5e-04%)"
"merscope_sp1","119",1584,0,"1,584 (5e-04%)"
"merscope_sp1","120",1516,0,"1,516 (5e-04%)"
"merscope_sp1","121",1538,0,"1,538 (5e-04%)"
"merscope_sp1","122",1465,0,"1,465 (5e-04%)"
"merscope_sp1","123",1381,0,"1,381 (4e-04%)"
"merscope_sp1","124",1406,0,"1,406 (4e-04%)"
"merscope_sp1","125",1334,0,"1,334 (4e-04%)"
"merscope_sp1","126",1311,0,"1,311 (4e-04%)"
"merscope_sp1","127",1255,0,"1,255 (4e-04%)"
"merscope_sp1","128",1241,0,"1,241 (4e-04%)"
"merscope_sp1","129",1198,0,"1,198 (4e-04%)"
"merscope_sp1","130",1177,0,"1,177 (4e-04%)"
"merscope_sp1","131",1143,0,"1,143 (4e-04%)"
"merscope_sp1","132",1160,0,"1,160 (4e-04%)"
"merscope_sp1","133",1114,0,"1,114 (3e-04%)"
"merscope_sp1","134",1106,0,"1,106 (3e-04%)"
"merscope_sp1","135",980,0,"980 (3e-04%)"
"merscope_sp1","136",1046,0,"1,046 (3e-04%)"
"merscope_sp1","137",974,0,"974 (3e-04%)"
"merscope_sp1","138",1023,0,"1,023 (3e-04%)"
"merscope_sp1","139",939,0,"939 (3e-04%)"
"merscope_sp1","140",932,0,"932 (3e-04%)"
"merscope_sp1","141",838,0,"838 (3e-04%)"
"merscope_sp1","142",889,0,"889 (3e-04%)"
"merscope_sp1","143",866,0,"866 (3e-04%)"
"merscope_sp1","144",816,0,"816 (3e-04%)"
"merscope_sp1","145",865,0,"865 (3e-04%)"
"merscope_sp1","146",814,0,"814 (3e-04%)"
"merscope_sp1","147",754,0,"754 (2e-04%)"
"merscope_sp1","148",711,0,"711 (2e-04%)"
"merscope_sp1","149",752,0,"752 (2e-04%)"
"merscope_sp1","150",720,0,"720 (2e-04%)"
"merscope_sp1","151",727,0,"727 (2e-04%)"
"merscope_sp1","152",689,0,"689 (2e-04%)"
"merscope_sp1","153",658,0,"658 (2e-04%)"
"merscope_sp1","154",636,0,"636 (2e-04%)"
"merscope_sp1","155",625,0,"625 (2e-04%)"
"merscope_sp1","156",619,0,"619 (2e-04%)"
"merscope_sp1","157",632,0,"632 (2e-04%)"
"merscope_sp1","158",570,0,"570 (2e-04%)"
"merscope_sp1","159",597,0,"597 (2e-04%)"
"merscope_sp1","160",523,0,"523 (2e-04%)"
"merscope_sp1","161",585,0,"585 (2e-04%)"
"merscope_sp1","162",505,0,"505 (2e-04%)"
"merscope_sp1","163",548,0,"548 (2e-04%)"
"merscope_sp1","164",565,0,"565 (2e-04%)"
"merscope_sp1","165",520,0,"520 (2e-04%)"
"merscope_sp1","166",436,0,"436 (1e-04%)"
"merscope_sp1","167",510,0,"510 (2e-04%)"
"merscope_sp1","168",443,0,"443 (1e-04%)"
"merscope_sp1","169",422,0,"422 (1e-04%)"
"merscope_sp1","170",408,0,"408 (1e-04%)"
"merscope_sp1","171",488,0,"488 (2e-04%)"
"merscope_sp1","172",409,0,"409 (1e-04%)"
"merscope_sp1","173",410,0,"410 (1e-04%)"
"merscope_sp1","174",398,0,"398 (1e-04%)"
"merscope_sp1","175",400,0,"400 (1e-04%)"
"merscope_sp1","176",409,0,"409 (1e-04%)"
"merscope_sp1","177",338,0,"338 (1e-04%)"
"merscope_sp1","178",349,0,"349 (1e-04%)"
"merscope_sp1","179",380,0,"380 (1e-04%)"
"merscope_sp1","180",399,0,"399 (1e-04%)"
"merscope_sp1","181",376,0,"376 (1e-04%)"
"merscope_sp1","182",367,0,"367 (1e-04%)"
"merscope_sp1","183",349,0,"349 (1e-04%)"
"merscope_sp1","184",309,0,"309 (1e-04%)"
"merscope_sp1","185",308,0,"308 (1e-04%)"
"merscope_sp1","186",284,0,"284 (1e-04%)"
"merscope_sp1","187",321,0,"321 (1e-04%)"
"merscope_sp1","188",328,0,"328 (1e-04%)"
"merscope_sp1","189",289,0,"289 (1e-04%)"
"merscope_sp1","190",302,0,"302 (1e-04%)"
"merscope_sp1","191",269,0,"269 (1e-04%)"
"merscope_sp1","192",272,0,"272 (1e-04%)"
"merscope_sp1","193",285,0,"285 (1e-04%)"
"merscope_sp1","194",235,0,"235 (1e-04%)"
"merscope_sp1","195",262,0,"262 (1e-04%)"
"merscope_sp1","196",247,0,"247 (1e-04%)"
"merscope_sp1","197",226,0,"226 (1e-04%)"
"merscope_sp1","198",232,0,"232 (1e-04%)"
"merscope_sp1","199",261,0,"261 (1e-04%)"
"merscope_sp1","200",236,0,"236 (1e-04%)"
"merscope_sp1","201",223,0,"223 (1e-04%)"
"merscope_sp1","202",204,0,"204 (1e-04%)"
"merscope_sp1","203",214,0,"214 (1e-04%)"
"merscope_sp1","204",223,0,"223 (1e-04%)"
"merscope_sp1","205",205,0,"205 (1e-04%)"
"merscope_sp1","206",219,0,"219 (1e-04%)"
"merscope_sp1","207",193,0,"193 (1e-04%)"
"merscope_sp1","208",220,0,"220 (1e-04%)"
"merscope_sp1","209",176,0,"176 (1e-04%)"
"merscope_sp1","210",197,0,"197 (1e-04%)"
"merscope_sp1","211",197,0,"197 (1e-04%)"
"merscope_sp1","212",196,0,"196 (1e-04%)"
"merscope_sp1","213",176,0,"176 (1e-04%)"
"merscope_sp1","214",171,0,"171 (1e-04%)"
"merscope_sp1","215",185,0,"185 (1e-04%)"
"merscope_sp1","216",161,0,"161 (0%)"
"merscope_sp1","217",171,0,"171 (1e-04%)"
"merscope_sp1","218",162,0,"162 (0%)"
"merscope_sp1","219",177,0,"177 (1e-04%)"
"merscope_sp1","220",155,0,"155 (0%)"
"merscope_sp1","221",147,0,"147 (0%)"
"merscope_sp1","222",130,0,"130 (0%)"
"merscope_sp1","223",156,0,"156 (0%)"
"merscope_sp1","224",131,0,"131 (0%)"
"merscope_sp1","225",135,0,"135 (0%)"
"merscope_sp1","226",134,0,"134 (0%)"
"merscope_sp1","227",158,0,"158 (0%)"
"merscope_sp1","228",105,0,"105 (0%)"
"merscope_sp1","229",124,0,"124 (0%)"
"merscope_sp1","230",139,0,"139 (0%)"
"merscope_sp1","231",118,0,"118 (0%)"
"merscope_sp1","232",119,0,"119 (0%)"
"merscope_sp1","233",120,0,"120 (0%)"
"merscope_sp1","234",118,0,"118 (0%)"
"merscope_sp1","235",128,0,"128 (0%)"
"merscope_sp1","236",109,0,"109 (0%)"
"merscope_sp1","237",108,0,"108 (0%)"
"merscope_sp1","238",100,0,"100 (0%)"
"merscope_sp1","239",102,0,"102 (0%)"
"merscope_sp1","240",93,0,"93 (0%)"
"merscope_sp1","241",112,0,"112 (0%)"
"merscope_sp1","242",89,0,"89 (0%)"
"merscope_sp1","243",104,0,"104 (0%)"
"merscope_sp1","244",95,0,"95 (0%)"
"merscope_sp1","245",90,0,"90 (0%)"
"merscope_sp1","246",102,0,"102 (0%)"
"merscope_sp1","247",95,0,"95 (0%)"
"merscope_sp1","248",105,0,"105 (0%)"
"merscope_sp1","249",90,0,"90 (0%)"
"merscope_sp1","250",77,0,"77 (0%)"
"merscope_sp1","251",87,0,"87 (0%)"
"merscope_sp1","252",88,0,"88 (0%)"
"merscope_sp1","253",76,0,"76 (0%)"
"merscope_sp1","254",92,0,"92 (0%)"
"merscope_sp1","255",80,0,"80 (0%)"
"merscope_sp1","256",86,0,"86 (0%)"
"merscope_sp1","257",76,0,"76 (0%)"
"merscope_sp1","258",80,0,"80 (0%)"
"merscope_sp1","259",85,0,"85 (0%)"
"merscope_sp1","260",66,0,"66 (0%)"
"merscope_sp1","261",71,0,"71 (0%)"
"merscope_sp1","262",62,0,"62 (0%)"
"merscope_sp1","263",67,0,"67 (0%)"
"merscope_sp1","264",89,0,"89 (0%)"
"merscope_sp1","265",69,0,"69 (0%)"
"merscope_sp1","266",81,0,"81 (0%)"
"merscope_sp1","267",53,0,"53 (0%)"
"merscope_sp1","268",69,0,"69 (0%)"
"merscope_sp1","269",63,0,"63 (0%)"
"merscope_sp1","270",57,0,"57 (0%)"
"merscope_sp1","271",62,0,"62 (0%)"
"merscope_sp1","272",63,0,"63 (0%)"
"merscope_sp1","273",48,0,"48 (0%)"
"merscope_sp1","274",58,0,"58 (0%)"
"merscope_sp1","275",59,0,"59 (0%)"
"merscope_sp1","276",55,0,"55 (0%)"
"merscope_sp1","277",51,0,"51 (0%)"
"merscope_sp1","278",49,0,"49 (0%)"
"merscope_sp1","279",52,0,"52 (0%)"
"merscope_sp1","280",52,0,"52 (0%)"
"merscope_sp1","281",60,0,"60 (0%)"
"merscope_sp1","282",55,0,"55 (0%)"
"merscope_sp1","283",55,0,"55 (0%)"
"merscope_sp1","284",52,0,"52 (0%)"
"merscope_sp1","285",55,0,"55 (0%)"
"merscope_sp1","286",41,0,"41 (0%)"
"merscope_sp1","287",52,0,"52 (0%)"
"merscope_sp1","288",44,0,"44 (0%)"
"merscope_sp1","289",51,0,"51 (0%)"
"merscope_sp1","290",37,0,"37 (0%)"
"merscope_sp1","291",40,0,"40 (0%)"
"merscope_sp1","292",39,0,"39 (0%)"
"merscope_sp1","293",35,0,"35 (0%)"
"merscope_sp1","294",39,0,"39 (0%)"
"merscope_sp1","295",29,0,"29 (0%)"
"merscope_sp1","296",40,0,"40 (0%)"
"merscope_sp1","297",44,0,"44 (0%)"
"merscope_sp1","298",40,0,"40 (0%)"
"merscope_sp1","299",43,0,"43 (0%)"
"merscope_sp1","300",40,0,"40 (0%)"
"merscope_sp1","301",35,0,"35 (0%)"
"merscope_sp1","302",41,0,"41 (0%)"
"merscope_sp1","303",33,0,"33 (0%)"
"merscope_sp1","304",34,0,"34 (0%)"
"merscope_sp1","305",38,0,"38 (0%)"
"merscope_sp1","306",31,0,"31 (0%)"
"merscope_sp1","307",32,0,"32 (0%)"
"merscope_sp1","308",30,0,"30 (0%)"
"merscope_sp1","309",30,0,"30 (0%)"
"merscope_sp1","310",31,0,"31 (0%)"
"merscope_sp1","311",33,0,"33 (0%)"
"merscope_sp1","312",29,0,"29 (0%)"
"merscope_sp1","313",29,0,"29 (0%)"
"merscope_sp1","314",32,0,"32 (0%)"
"merscope_sp1","315",32,0,"32 (0%)"
"merscope_sp1","316",24,0,"24 (0%)"
"merscope_sp1","317",33,0,"33 (0%)"
"merscope_sp1","318",28,0,"28 (0%)"
"merscope_sp1","319",24,0,"24 (0%)"
"merscope_sp1","320",20,0,"20 (0%)"
"merscope_sp1","321",21,0,"21 (0%)"
"merscope_sp1","322",28,0,"28 (0%)"
"merscope_sp1","323",16,0,"16 (0%)"
"merscope_sp1","324",16,0,"16 (0%)"
"merscope_sp1","325",28,0,"28 (0%)"
"merscope_sp1","326",17,0,"17 (0%)"
"merscope_sp1","327",23,0,"23 (0%)"
"merscope_sp1","328",23,0,"23 (0%)"
"merscope_sp1","329",13,0,"13 (0%)"
"merscope_sp1","330",15,0,"15 (0%)"
"merscope_sp1","331",18,0,"18 (0%)"
"merscope_sp1","332",21,0,"21 (0%)"
"merscope_sp1","333",21,0,"21 (0%)"
"merscope_sp1","334",11,0,"11 (0%)"
"merscope_sp1","335",18,0,"18 (0%)"
"merscope_sp1","336",18,0,"18 (0%)"
"merscope_sp1","337",24,0,"24 (0%)"
"merscope_sp1","338",15,0,"15 (0%)"
"merscope_sp1","339",18,0,"18 (0%)"
"merscope_sp1","340",17,0,"17 (0%)"
"merscope_sp1","341",25,0,"25 (0%)"
"merscope_sp1","342",14,0,"14 (0%)"
"merscope_sp1","343",16,0,"16 (0%)"
"merscope_sp1","344",16,0,"16 (0%)"
"merscope_sp1","345",20,0,"20 (0%)"
"merscope_sp1","346",17,0,"17 (0%)"
"merscope_sp1","347",20,0,"20 (0%)"
"merscope_sp1","348",20,0,"20 (0%)"
"merscope_sp1","349",20,0,"20 (0%)"
"merscope_sp1","350",11,0,"11 (0%)"
"merscope_sp1","351",9,0,"9 (0%)"
"merscope_sp1","352",16,0,"16 (0%)"
"merscope_sp1","353",12,0,"12 (0%)"
"merscope_sp1","354",22,0,"22 (0%)"
"merscope_sp1","355",8,0,"8 (0%)"
"merscope_sp1","356",15,0,"15 (0%)"
"merscope_sp1","357",12,0,"12 (0%)"
"merscope_sp1","358",14,0,"14 (0%)"
"merscope_sp1","359",12,0,"12 (0%)"
"merscope_sp1","360",12,0,"12 (0%)"
"merscope_sp1","361",15,0,"15 (0%)"
"merscope_sp1","362",17,0,"17 (0%)"
"merscope_sp1","363",11,0,"11 (0%)"
"merscope_sp1","364",10,0,"10 (0%)"
"merscope_sp1","365",16,0,"16 (0%)"
"merscope_sp1","366",15,0,"15 (0%)"
"merscope_sp1","367",10,0,"10 (0%)"
"merscope_sp1","368",13,0,"13 (0%)"
"merscope_sp1","369",7,0,"7 (0%)"
"merscope_sp1","370",12,0,"12 (0%)"
"merscope_sp1","371",15,0,"15 (0%)"
"merscope_sp1","372",8,0,"8 (0%)"
"merscope_sp1","373",8,0,"8 (0%)"
"merscope_sp1","374",9,0,"9 (0%)"
"merscope_sp1","375",15,0,"15 (0%)"
"merscope_sp1","376",13,0,"13 (0%)"
"merscope_sp1","377",16,0,"16 (0%)"
"merscope_sp1","378",11,0,"11 (0%)"
"merscope_sp1","379",5,0,"5 (0%)"
"merscope_sp1","380",11,0,"11 (0%)"
"merscope_sp1","381",13,0,"13 (0%)"
"merscope_sp1","382",8,0,"8 (0%)"
"merscope_sp1","383",12,0,"12 (0%)"
"merscope_sp1","384",9,0,"9 (0%)"
"merscope_sp1","385",6,0,"6 (0%)"
"merscope_sp1","386",10,0,"10 (0%)"
"merscope_sp1","387",15,0,"15 (0%)"
"merscope_sp1","388",10,0,"10 (0%)"
"merscope_sp1","389",10,0,"10 (0%)"
"merscope_sp1","390",9,0,"9 (0%)"
"merscope_sp1","391",10,0,"10 (0%)"
"merscope_sp1","392",6,0,"6 (0%)"
"merscope_sp1","393",10,0,"10 (0%)"
"merscope_sp1","394",11,0,"11 (0%)"
"merscope_sp1","395",7,0,"7 (0%)"
"merscope_sp1","396",5,0,"5 (0%)"
"merscope_sp1","397",13,0,"13 (0%)"
"merscope_sp1","398",6,0,"6 (0%)"
"merscope_sp1","399",4,0,"4 (0%)"
"merscope_sp1","400",8,0,"8 (0%)"
"merscope_sp1","401",5,0,"5 (0%)"
"merscope_sp1","402",7,0,"7 (0%)"
"merscope_sp1","403",4,0,"4 (0%)"
"merscope_sp1","404",11,0,"11 (0%)"
"merscope_sp1","405",3,0,"3 (0%)"
"merscope_sp1","406",4,0,"4 (0%)"
"merscope_sp1","407",5,0,"5 (0%)"
"merscope_sp1","408",6,0,"6 (0%)"
"merscope_sp1","409",3,0,"3 (0%)"
"merscope_sp1","410",4,0,"4 (0%)"
"merscope_sp1","411",6,0,"6 (0%)"
"merscope_sp1","412",6,0,"6 (0%)"
"merscope_sp1","413",7,0,"7 (0%)"
"merscope_sp1","414",2,0,"2 (0%)"
"merscope_sp1","415",4,0,"4 (0%)"
"merscope_sp1","416",5,0,"5 (0%)"
"merscope_sp1","417",4,0,"4 (0%)"
"merscope_sp1","418",5,0,"5 (0%)"
"merscope_sp1","419",5,0,"5 (0%)"
"merscope_sp1","420",4,0,"4 (0%)"
"merscope_sp1","421",4,0,"4 (0%)"
"merscope_sp1","422",8,0,"8 (0%)"
"merscope_sp1","423",4,0,"4 (0%)"
"merscope_sp1","424",2,0,"2 (0%)"
"merscope_sp1","425",3,0,"3 (0%)"
"merscope_sp1","426",2,0,"2 (0%)"
"merscope_sp1","427",3,0,"3 (0%)"
"merscope_sp1","428",3,0,"3 (0%)"
"merscope_sp1","429",5,0,"5 (0%)"
"merscope_sp1","430",7,0,"7 (0%)"
"merscope_sp1","431",4,0,"4 (0%)"
"merscope_sp1","432",2,0,"2 (0%)"
"merscope_sp1","433",5,0,"5 (0%)"
"merscope_sp1","434",4,0,"4 (0%)"
"merscope_sp1","435",4,0,"4 (0%)"
"merscope_sp1","436",6,0,"6 (0%)"
"merscope_sp1","437",5,0,"5 (0%)"
"merscope_sp1","438",5,0,"5 (0%)"
"merscope_sp1","439",3,0,"3 (0%)"
"merscope_sp1","440",2,0,"2 (0%)"
"merscope_sp1","441",6,0,"6 (0%)"
"merscope_sp1","442",5,0,"5 (0%)"
"merscope_sp1","443",2,0,"2 (0%)"
"merscope_sp1","444",1,0,"1 (0%)"
"merscope_sp1","445",7,0,"7 (0%)"
"merscope_sp1","446",5,0,"5 (0%)"
"merscope_sp1","447",4,0,"4 (0%)"
"merscope_sp1","449",4,0,"4 (0%)"
"merscope_sp1","450",3,0,"3 (0%)"
"merscope_sp1","451",1,0,"1 (0%)"
"merscope_sp1","452",4,0,"4 (0%)"
"merscope_sp1","453",3,0,"3 (0%)"
"merscope_sp1","454",3,0,"3 (0%)"
"merscope_sp1","455",2,0,"2 (0%)"
"merscope_sp1","456",1,0,"1 (0%)"
"merscope_sp1","457",7,0,"7 (0%)"
"merscope_sp1","458",5,0,"5 (0%)"
"merscope_sp1","460",8,0,"8 (0%)"
"merscope_sp1","461",3,0,"3 (0%)"
"merscope_sp1","464",5,0,"5 (0%)"
"merscope_sp1","465",3,0,"3 (0%)"
"merscope_sp1","466",1,0,"1 (0%)"
"merscope_sp1","467",4,0,"4 (0%)"
"merscope_sp1","468",4,0,"4 (0%)"
"merscope_sp1","469",7,0,"7 (0%)"
"merscope_sp1","470",2,0,"2 (0%)"
"merscope_sp1","471",3,0,"3 (0%)"
"merscope_sp1","472",2,0,"2 (0%)"
"merscope_sp1","473",3,0,"3 (0%)"
"merscope_sp1","474",2,0,"2 (0%)"
"merscope_sp1","476",1,0,"1 (0%)"
"merscope_sp1","477",2,0,"2 (0%)"
"merscope_sp1","478",2,0,"2 (0%)"
"merscope_sp1","480",5,0,"5 (0%)"
"merscope_sp1","481",5,0,"5 (0%)"
"merscope_sp1","482",3,0,"3 (0%)"
"merscope_sp1","483",3,0,"3 (0%)"
"merscope_sp1","484",2,0,"2 (0%)"
"merscope_sp1","486",3,0,"3 (0%)"
"merscope_sp1","487",1,0,"1 (0%)"
"merscope_sp1","488",2,0,"2 (0%)"
"merscope_sp1","489",5,0,"5 (0%)"
"merscope_sp1","490",3,0,"3 (0%)"
"merscope_sp1","491",1,0,"1 (0%)"
"merscope_sp1","493",1,0,"1 (0%)"
"merscope_sp1","495",1,0,"1 (0%)"
"merscope_sp1","498",1,0,"1 (0%)"
"merscope_sp1","499",3,0,"3 (0%)"
"merscope_sp1","500",1,0,"1 (0%)"
"merscope_sp1","501",4,0,"4 (0%)"
"merscope_sp1","503",2,0,"2 (0%)"
"merscope_sp1","504",1,0,"1 (0%)"
"merscope_sp1","505",2,0,"2 (0%)"
"merscope_sp1","506",5,0,"5 (0%)"
"merscope_sp1","507",1,0,"1 (0%)"
"merscope_sp1","508",4,0,"4 (0%)"
"merscope_sp1","512",3,0,"3 (0%)"
"merscope_sp1","513",3,0,"3 (0%)"
"merscope_sp1","514",2,0,"2 (0%)"
"merscope_sp1","515",1,0,"1 (0%)"
"merscope_sp1","516",2,0,"2 (0%)"
"merscope_sp1","517",1,0,"1 (0%)"
"merscope_sp1","518",2,0,"2 (0%)"
"merscope_sp1","519",3,0,"3 (0%)"
"merscope_sp1","523",1,0,"1 (0%)"
"merscope_sp1","524",1,0,"1 (0%)"
"merscope_sp1","528",1,0,"1 (0%)"
"merscope_sp1","529",1,0,"1 (0%)"
"merscope_sp1","530",1,0,"1 (0%)"
"merscope_sp1","533",3,0,"3 (0%)"
"merscope_sp1","534",3,0,"3 (0%)"
"merscope_sp1","536",1,0,"1 (0%)"
"merscope_sp1","538",2,0,"2 (0%)"
"merscope_sp1","539",1,0,"1 (0%)"
"merscope_sp1","542",1,0,"1 (0%)"
"merscope_sp1","544",1,0,"1 (0%)"
"merscope_sp1","545",1,0,"1 (0%)"
"merscope_sp1","546",2,0,"2 (0%)"
"merscope_sp1","548",2,0,"2 (0%)"
"merscope_sp1","552",1,0,"1 (0%)"
"merscope_sp1","553",2,0,"2 (0%)"
"merscope_sp1","554",1,0,"1 (0%)"
"merscope_sp1","557",2,0,"2 (0%)"
"merscope_sp1","558",1,0,"1 (0%)"
"merscope_sp1","562",2,0,"2 (0%)"
"merscope_sp1","563",3,0,"3 (0%)"
"merscope_sp1","572",1,0,"1 (0%)"
"merscope_sp1","573",1,0,"1 (0%)"
"merscope_sp1","575",2,0,"2 (0%)"
"merscope_sp1","576",2,0,"2 (0%)"
"merscope_sp1","578",2,0,"2 (0%)"
"merscope_sp1","579",1,0,"1 (0%)"
"merscope_sp1","581",2,0,"2 (0%)"
"merscope_sp1","589",2,0,"2 (0%)"
"merscope_sp1","590",1,0,"1 (0%)"
"merscope_sp1","591",1,0,"1 (0%)"
"merscope_sp1","592",1,0,"1 (0%)"
"merscope_sp1","595",2,0,"2 (0%)"
"merscope_sp1","596",1,0,"1 (0%)"
"merscope_sp1","605",1,0,"1 (0%)"
"merscope_sp1","612",1,0,"1 (0%)"
"merscope_sp1","616",1,0,"1 (0%)"
"merscope_sp1","619",1,0,"1 (0%)"
"merscope_sp1","626",1,0,"1 (0%)"
"merscope_sp1","627",1,0,"1 (0%)"
"merscope_sp1","629",1,0,"1 (0%)"
"merscope_sp1","630",1,0,"1 (0%)"
"merscope_sp1","648",1,0,"1 (0%)"
"merscope_sp1","665",1,0,"1 (0%)"
"merscope_sp1","666",1,0,"1 (0%)"
"merscope_sp1","675",1,0,"1 (0%)"
"merscope_sp1","678",1,0,"1 (0%)"
"merscope_sp1","683",1,0,"1 (0%)"
"merscope_sp1","690",1,0,"1 (0%)"
"merscope_sp1","691",1,0,"1 (0%)"
"merscope_sp1","692",1,0,"1 (0%)"
"merscope_sp1","701",1,0,"1 (0%)"
"merscope_sp1","704",1,0,"1 (0%)"
"merscope_sp1","706",1,0,"1 (0%)"
"merscope_sp1","719",1,0,"1 (0%)"
"merscope_sp1","739",1,0,"1 (0%)"
"merscope_sp1","743",1,0,"1 (0%)"
"merscope_sp1","767",1,0,"1 (0%)"
"merscope_sp1","769",1,0,"1 (0%)"
"merscope_sp1","774",1,0,"1 (0%)"
"merscope_sp1","806",1,0,"1 (0%)"
"merscope_sp1","885",1,0,"1 (0%)"
"cosmx_healthy","0",287137166,0.8628,"287,137,166 (86.2833%)"
"cosmx_healthy","1",29594850,0.0889,"29,594,850 (8.8931%)"
"cosmx_healthy","2",6417031,0.0193,"6,417,031 (1.9283%)"
"cosmx_healthy","3",2618741,0.0079,"2,618,741 (0.7869%)"
"cosmx_healthy","4",1457237,0.0044,"1,457,237 (0.4379%)"
"cosmx_healthy","5",931630,0.0028,"931,630 (0.28%)"
"cosmx_healthy","6",648877,0.0019,"648,877 (0.195%)"
"cosmx_healthy","7",481305,0.0014,"481,305 (0.1446%)"
"cosmx_healthy","8",371245,0.0011,"371,245 (0.1116%)"
"cosmx_healthy","9",295774,9e-04,"295,774 (0.0889%)"
"cosmx_healthy","10",242300,7e-04,"242,300 (0.0728%)"
"cosmx_healthy","11",200771,6e-04,"200,771 (0.0603%)"
"cosmx_healthy","12",169534,5e-04,"169,534 (0.0509%)"
"cosmx_healthy","13",146130,4e-04,"146,130 (0.0439%)"
"cosmx_healthy","14",126570,4e-04,"126,570 (0.038%)"
"cosmx_healthy","15",111134,3e-04,"111,134 (0.0334%)"
"cosmx_healthy","16",97498,3e-04,"97,498 (0.0293%)"
"cosmx_healthy","17",87126,3e-04,"87,126 (0.0262%)"
"cosmx_healthy","18",77406,2e-04,"77,406 (0.0233%)"
"cosmx_healthy","19",70133,2e-04,"70,133 (0.0211%)"
"cosmx_healthy","20",63490,2e-04,"63,490 (0.0191%)"
"cosmx_healthy","21",58088,2e-04,"58,088 (0.0175%)"
"cosmx_healthy","22",53434,2e-04,"53,434 (0.0161%)"
"cosmx_healthy","23",48600,1e-04,"48,600 (0.0146%)"
"cosmx_healthy","24",45357,1e-04,"45,357 (0.0136%)"
"cosmx_healthy","25",42030,1e-04,"42,030 (0.0126%)"
"cosmx_healthy","26",39280,1e-04,"39,280 (0.0118%)"
"cosmx_healthy","27",37029,1e-04,"37,029 (0.0111%)"
"cosmx_healthy","28",34517,1e-04,"34,517 (0.0104%)"
"cosmx_healthy","29",32230,1e-04,"32,230 (0.0097%)"
"cosmx_healthy","30",30754,1e-04,"30,754 (0.0092%)"
"cosmx_healthy","31",28939,1e-04,"28,939 (0.0087%)"
"cosmx_healthy","32",27473,1e-04,"27,473 (0.0083%)"
"cosmx_healthy","33",25909,1e-04,"25,909 (0.0078%)"
"cosmx_healthy","34",24901,1e-04,"24,901 (0.0075%)"
"cosmx_healthy","35",23249,1e-04,"23,249 (0.007%)"
"cosmx_healthy","36",22484,1e-04,"22,484 (0.0068%)"
"cosmx_healthy","37",21269,1e-04,"21,269 (0.0064%)"
"cosmx_healthy","38",20633,1e-04,"20,633 (0.0062%)"
"cosmx_healthy","39",19764,1e-04,"19,764 (0.0059%)"
"cosmx_healthy","40",18635,1e-04,"18,635 (0.0056%)"
"cosmx_healthy","41",18128,1e-04,"18,128 (0.0054%)"
"cosmx_healthy","42",17473,1e-04,"17,473 (0.0053%)"
"cosmx_healthy","43",16706,1e-04,"16,706 (0.005%)"
"cosmx_healthy","44",16121,0,"16,121 (0.0048%)"
"cosmx_healthy","45",15591,0,"15,591 (0.0047%)"
"cosmx_healthy","46",15270,0,"15,270 (0.0046%)"
"cosmx_healthy","47",14652,0,"14,652 (0.0044%)"
"cosmx_healthy","48",14108,0,"14,108 (0.0042%)"
"cosmx_healthy","49",13728,0,"13,728 (0.0041%)"
"cosmx_healthy","50",13216,0,"13,216 (0.004%)"
"cosmx_healthy","51",12987,0,"12,987 (0.0039%)"
"cosmx_healthy","52",12442,0,"12,442 (0.0037%)"
"cosmx_healthy","53",12250,0,"12,250 (0.0037%)"
"cosmx_healthy","54",11738,0,"11,738 (0.0035%)"
"cosmx_healthy","55",11555,0,"11,555 (0.0035%)"
"cosmx_healthy","56",11060,0,"11,060 (0.0033%)"
"cosmx_healthy","57",10814,0,"10,814 (0.0032%)"
"cosmx_healthy","58",10529,0,"10,529 (0.0032%)"
"cosmx_healthy","59",10301,0,"10,301 (0.0031%)"
"cosmx_healthy","60",10181,0,"10,181 (0.0031%)"
"cosmx_healthy","61",9937,0,"9,937 (0.003%)"
"cosmx_healthy","62",9715,0,"9,715 (0.0029%)"
"cosmx_healthy","63",9572,0,"9,572 (0.0029%)"
"cosmx_healthy","64",9296,0,"9,296 (0.0028%)"
"cosmx_healthy","65",8941,0,"8,941 (0.0027%)"
"cosmx_healthy","66",8613,0,"8,613 (0.0026%)"
"cosmx_healthy","67",8712,0,"8,712 (0.0026%)"
"cosmx_healthy","68",8530,0,"8,530 (0.0026%)"
"cosmx_healthy","69",8238,0,"8,238 (0.0025%)"
"cosmx_healthy","70",8086,0,"8,086 (0.0024%)"
"cosmx_healthy","71",8036,0,"8,036 (0.0024%)"
"cosmx_healthy","72",7572,0,"7,572 (0.0023%)"
"cosmx_healthy","73",7665,0,"7,665 (0.0023%)"
"cosmx_healthy","74",7396,0,"7,396 (0.0022%)"
"cosmx_healthy","75",7222,0,"7,222 (0.0022%)"
"cosmx_healthy","76",7252,0,"7,252 (0.0022%)"
"cosmx_healthy","77",6989,0,"6,989 (0.0021%)"
"cosmx_healthy","78",6706,0,"6,706 (0.002%)"
"cosmx_healthy","79",6703,0,"6,703 (0.002%)"
"cosmx_healthy","80",6749,0,"6,749 (0.002%)"
"cosmx_healthy","81",6355,0,"6,355 (0.0019%)"
"cosmx_healthy","82",6465,0,"6,465 (0.0019%)"
"cosmx_healthy","83",6208,0,"6,208 (0.0019%)"
"cosmx_healthy","84",6068,0,"6,068 (0.0018%)"
"cosmx_healthy","85",6082,0,"6,082 (0.0018%)"
"cosmx_healthy","86",5841,0,"5,841 (0.0018%)"
"cosmx_healthy","87",5818,0,"5,818 (0.0017%)"
"cosmx_healthy","88",5625,0,"5,625 (0.0017%)"
"cosmx_healthy","89",5585,0,"5,585 (0.0017%)"
"cosmx_healthy","90",5229,0,"5,229 (0.0016%)"
"cosmx_healthy","91",5378,0,"5,378 (0.0016%)"
"cosmx_healthy","92",5273,0,"5,273 (0.0016%)"
"cosmx_healthy","93",5088,0,"5,088 (0.0015%)"
"cosmx_healthy","94",4968,0,"4,968 (0.0015%)"
"cosmx_healthy","95",4888,0,"4,888 (0.0015%)"
"cosmx_healthy","96",4741,0,"4,741 (0.0014%)"
"cosmx_healthy","97",4685,0,"4,685 (0.0014%)"
"cosmx_healthy","98",4724,0,"4,724 (0.0014%)"
"cosmx_healthy","99",4496,0,"4,496 (0.0014%)"
"cosmx_healthy","100",4520,0,"4,520 (0.0014%)"
"cosmx_healthy","101",4253,0,"4,253 (0.0013%)"
"cosmx_healthy","102",4248,0,"4,248 (0.0013%)"
"cosmx_healthy","103",4176,0,"4,176 (0.0013%)"
"cosmx_healthy","104",4068,0,"4,068 (0.0012%)"
"cosmx_healthy","105",4006,0,"4,006 (0.0012%)"
"cosmx_healthy","106",3972,0,"3,972 (0.0012%)"
"cosmx_healthy","107",3861,0,"3,861 (0.0012%)"
"cosmx_healthy","108",3772,0,"3,772 (0.0011%)"
"cosmx_healthy","109",3723,0,"3,723 (0.0011%)"
"cosmx_healthy","110",3712,0,"3,712 (0.0011%)"
"cosmx_healthy","111",3580,0,"3,580 (0.0011%)"
"cosmx_healthy","112",3587,0,"3,587 (0.0011%)"
"cosmx_healthy","113",3435,0,"3,435 (0.001%)"
"cosmx_healthy","114",3331,0,"3,331 (0.001%)"
"cosmx_healthy","115",3274,0,"3,274 (0.001%)"
"cosmx_healthy","116",3183,0,"3,183 (0.001%)"
"cosmx_healthy","117",3207,0,"3,207 (0.001%)"
"cosmx_healthy","118",3131,0,"3,131 (9e-04%)"
"cosmx_healthy","119",3131,0,"3,131 (9e-04%)"
"cosmx_healthy","120",2949,0,"2,949 (9e-04%)"
"cosmx_healthy","121",2893,0,"2,893 (9e-04%)"
"cosmx_healthy","122",2857,0,"2,857 (9e-04%)"
"cosmx_healthy","123",2876,0,"2,876 (9e-04%)"
"cosmx_healthy","124",2779,0,"2,779 (8e-04%)"
"cosmx_healthy","125",2838,0,"2,838 (9e-04%)"
"cosmx_healthy","126",2742,0,"2,742 (8e-04%)"
"cosmx_healthy","127",2608,0,"2,608 (8e-04%)"
"cosmx_healthy","128",2592,0,"2,592 (8e-04%)"
"cosmx_healthy","129",2611,0,"2,611 (8e-04%)"
"cosmx_healthy","130",2501,0,"2,501 (8e-04%)"
"cosmx_healthy","131",2502,0,"2,502 (8e-04%)"
"cosmx_healthy","132",2466,0,"2,466 (7e-04%)"
"cosmx_healthy","133",2394,0,"2,394 (7e-04%)"
"cosmx_healthy","134",2354,0,"2,354 (7e-04%)"
"cosmx_healthy","135",2309,0,"2,309 (7e-04%)"
"cosmx_healthy","136",2227,0,"2,227 (7e-04%)"
"cosmx_healthy","137",2274,0,"2,274 (7e-04%)"
"cosmx_healthy","138",2190,0,"2,190 (7e-04%)"
"cosmx_healthy","139",2177,0,"2,177 (7e-04%)"
"cosmx_healthy","140",2123,0,"2,123 (6e-04%)"
"cosmx_healthy","141",1983,0,"1,983 (6e-04%)"
"cosmx_healthy","142",1983,0,"1,983 (6e-04%)"
"cosmx_healthy","143",1984,0,"1,984 (6e-04%)"
"cosmx_healthy","144",1926,0,"1,926 (6e-04%)"
"cosmx_healthy","145",1934,0,"1,934 (6e-04%)"
"cosmx_healthy","146",1871,0,"1,871 (6e-04%)"
"cosmx_healthy","147",1869,0,"1,869 (6e-04%)"
"cosmx_healthy","148",1837,0,"1,837 (6e-04%)"
"cosmx_healthy","149",1722,0,"1,722 (5e-04%)"
"cosmx_healthy","150",1752,0,"1,752 (5e-04%)"
"cosmx_healthy","151",1738,0,"1,738 (5e-04%)"
"cosmx_healthy","152",1690,0,"1,690 (5e-04%)"
"cosmx_healthy","153",1608,0,"1,608 (5e-04%)"
"cosmx_healthy","154",1613,0,"1,613 (5e-04%)"
"cosmx_healthy","155",1579,0,"1,579 (5e-04%)"
"cosmx_healthy","156",1646,0,"1,646 (5e-04%)"
"cosmx_healthy","157",1495,0,"1,495 (4e-04%)"
"cosmx_healthy","158",1510,0,"1,510 (5e-04%)"
"cosmx_healthy","159",1441,0,"1,441 (4e-04%)"
"cosmx_healthy","160",1469,0,"1,469 (4e-04%)"
"cosmx_healthy","161",1410,0,"1,410 (4e-04%)"
"cosmx_healthy","162",1379,0,"1,379 (4e-04%)"
"cosmx_healthy","163",1362,0,"1,362 (4e-04%)"
"cosmx_healthy","164",1359,0,"1,359 (4e-04%)"
"cosmx_healthy","165",1243,0,"1,243 (4e-04%)"
"cosmx_healthy","166",1315,0,"1,315 (4e-04%)"
"cosmx_healthy","167",1276,0,"1,276 (4e-04%)"
"cosmx_healthy","168",1316,0,"1,316 (4e-04%)"
"cosmx_healthy","169",1281,0,"1,281 (4e-04%)"
"cosmx_healthy","170",1217,0,"1,217 (4e-04%)"
"cosmx_healthy","171",1207,0,"1,207 (4e-04%)"
"cosmx_healthy","172",1219,0,"1,219 (4e-04%)"
"cosmx_healthy","173",1168,0,"1,168 (4e-04%)"
"cosmx_healthy","174",1176,0,"1,176 (4e-04%)"
"cosmx_healthy","175",1079,0,"1,079 (3e-04%)"
"cosmx_healthy","176",1031,0,"1,031 (3e-04%)"
"cosmx_healthy","177",1059,0,"1,059 (3e-04%)"
"cosmx_healthy","178",1060,0,"1,060 (3e-04%)"
"cosmx_healthy","179",1118,0,"1,118 (3e-04%)"
"cosmx_healthy","180",1024,0,"1,024 (3e-04%)"
"cosmx_healthy","181",983,0,"983 (3e-04%)"
"cosmx_healthy","182",1012,0,"1,012 (3e-04%)"
"cosmx_healthy","183",1014,0,"1,014 (3e-04%)"
"cosmx_healthy","184",953,0,"953 (3e-04%)"
"cosmx_healthy","185",937,0,"937 (3e-04%)"
"cosmx_healthy","186",966,0,"966 (3e-04%)"
"cosmx_healthy","187",869,0,"869 (3e-04%)"
"cosmx_healthy","188",871,0,"871 (3e-04%)"
"cosmx_healthy","189",931,0,"931 (3e-04%)"
"cosmx_healthy","190",847,0,"847 (3e-04%)"
"cosmx_healthy","191",867,0,"867 (3e-04%)"
"cosmx_healthy","192",835,0,"835 (3e-04%)"
"cosmx_healthy","193",871,0,"871 (3e-04%)"
"cosmx_healthy","194",873,0,"873 (3e-04%)"
"cosmx_healthy","195",772,0,"772 (2e-04%)"
"cosmx_healthy","196",778,0,"778 (2e-04%)"
"cosmx_healthy","197",741,0,"741 (2e-04%)"
"cosmx_healthy","198",788,0,"788 (2e-04%)"
"cosmx_healthy","199",705,0,"705 (2e-04%)"
"cosmx_healthy","200",744,0,"744 (2e-04%)"
"cosmx_healthy","201",787,0,"787 (2e-04%)"
"cosmx_healthy","202",683,0,"683 (2e-04%)"
"cosmx_healthy","203",731,0,"731 (2e-04%)"
"cosmx_healthy","204",715,0,"715 (2e-04%)"
"cosmx_healthy","205",687,0,"687 (2e-04%)"
"cosmx_healthy","206",650,0,"650 (2e-04%)"
"cosmx_healthy","207",660,0,"660 (2e-04%)"
"cosmx_healthy","208",619,0,"619 (2e-04%)"
"cosmx_healthy","209",634,0,"634 (2e-04%)"
"cosmx_healthy","210",596,0,"596 (2e-04%)"
"cosmx_healthy","211",671,0,"671 (2e-04%)"
"cosmx_healthy","212",647,0,"647 (2e-04%)"
"cosmx_healthy","213",589,0,"589 (2e-04%)"
"cosmx_healthy","214",543,0,"543 (2e-04%)"
"cosmx_healthy","215",608,0,"608 (2e-04%)"
"cosmx_healthy","216",561,0,"561 (2e-04%)"
"cosmx_healthy","217",558,0,"558 (2e-04%)"
"cosmx_healthy","218",522,0,"522 (2e-04%)"
"cosmx_healthy","219",517,0,"517 (2e-04%)"
"cosmx_healthy","220",501,0,"501 (2e-04%)"
"cosmx_healthy","221",571,0,"571 (2e-04%)"
"cosmx_healthy","222",524,0,"524 (2e-04%)"
"cosmx_healthy","223",501,0,"501 (2e-04%)"
"cosmx_healthy","224",494,0,"494 (1e-04%)"
"cosmx_healthy","225",501,0,"501 (2e-04%)"
"cosmx_healthy","226",485,0,"485 (1e-04%)"
"cosmx_healthy","227",505,0,"505 (2e-04%)"
"cosmx_healthy","228",449,0,"449 (1e-04%)"
"cosmx_healthy","229",448,0,"448 (1e-04%)"
"cosmx_healthy","230",470,0,"470 (1e-04%)"
"cosmx_healthy","231",471,0,"471 (1e-04%)"
"cosmx_healthy","232",413,0,"413 (1e-04%)"
"cosmx_healthy","233",432,0,"432 (1e-04%)"
"cosmx_healthy","234",435,0,"435 (1e-04%)"
"cosmx_healthy","235",400,0,"400 (1e-04%)"
"cosmx_healthy","236",373,0,"373 (1e-04%)"
"cosmx_healthy","237",350,0,"350 (1e-04%)"
"cosmx_healthy","238",414,0,"414 (1e-04%)"
"cosmx_healthy","239",406,0,"406 (1e-04%)"
"cosmx_healthy","240",356,0,"356 (1e-04%)"
"cosmx_healthy","241",348,0,"348 (1e-04%)"
"cosmx_healthy","242",380,0,"380 (1e-04%)"
"cosmx_healthy","243",365,0,"365 (1e-04%)"
"cosmx_healthy","244",353,0,"353 (1e-04%)"
"cosmx_healthy","245",353,0,"353 (1e-04%)"
"cosmx_healthy","246",335,0,"335 (1e-04%)"
"cosmx_healthy","247",335,0,"335 (1e-04%)"
"cosmx_healthy","248",345,0,"345 (1e-04%)"
"cosmx_healthy","249",327,0,"327 (1e-04%)"
"cosmx_healthy","250",317,0,"317 (1e-04%)"
"cosmx_healthy","251",356,0,"356 (1e-04%)"
"cosmx_healthy","252",280,0,"280 (1e-04%)"
"cosmx_healthy","253",321,0,"321 (1e-04%)"
"cosmx_healthy","254",313,0,"313 (1e-04%)"
"cosmx_healthy","255",310,0,"310 (1e-04%)"
"cosmx_healthy","256",319,0,"319 (1e-04%)"
"cosmx_healthy","257",289,0,"289 (1e-04%)"
"cosmx_healthy","258",282,0,"282 (1e-04%)"
"cosmx_healthy","259",247,0,"247 (1e-04%)"
"cosmx_healthy","260",258,0,"258 (1e-04%)"
"cosmx_healthy","261",252,0,"252 (1e-04%)"
"cosmx_healthy","262",280,0,"280 (1e-04%)"
"cosmx_healthy","263",261,0,"261 (1e-04%)"
"cosmx_healthy","264",254,0,"254 (1e-04%)"
"cosmx_healthy","265",250,0,"250 (1e-04%)"
"cosmx_healthy","266",249,0,"249 (1e-04%)"
"cosmx_healthy","267",244,0,"244 (1e-04%)"
"cosmx_healthy","268",260,0,"260 (1e-04%)"
"cosmx_healthy","269",224,0,"224 (1e-04%)"
"cosmx_healthy","270",223,0,"223 (1e-04%)"
"cosmx_healthy","271",229,0,"229 (1e-04%)"
"cosmx_healthy","272",229,0,"229 (1e-04%)"
"cosmx_healthy","273",235,0,"235 (1e-04%)"
"cosmx_healthy","274",201,0,"201 (1e-04%)"
"cosmx_healthy","275",220,0,"220 (1e-04%)"
"cosmx_healthy","276",202,0,"202 (1e-04%)"
"cosmx_healthy","277",214,0,"214 (1e-04%)"
"cosmx_healthy","278",199,0,"199 (1e-04%)"
"cosmx_healthy","279",196,0,"196 (1e-04%)"
"cosmx_healthy","280",208,0,"208 (1e-04%)"
"cosmx_healthy","281",206,0,"206 (1e-04%)"
"cosmx_healthy","282",213,0,"213 (1e-04%)"
"cosmx_healthy","283",192,0,"192 (1e-04%)"
"cosmx_healthy","284",183,0,"183 (1e-04%)"
"cosmx_healthy","285",177,0,"177 (1e-04%)"
"cosmx_healthy","286",187,0,"187 (1e-04%)"
"cosmx_healthy","287",214,0,"214 (1e-04%)"
"cosmx_healthy","288",176,0,"176 (1e-04%)"
"cosmx_healthy","289",178,0,"178 (1e-04%)"
"cosmx_healthy","290",162,0,"162 (0%)"
"cosmx_healthy","291",173,0,"173 (1e-04%)"
"cosmx_healthy","292",180,0,"180 (1e-04%)"
"cosmx_healthy","293",151,0,"151 (0%)"
"cosmx_healthy","294",161,0,"161 (0%)"
"cosmx_healthy","295",142,0,"142 (0%)"
"cosmx_healthy","296",132,0,"132 (0%)"
"cosmx_healthy","297",145,0,"145 (0%)"
"cosmx_healthy","298",142,0,"142 (0%)"
"cosmx_healthy","299",148,0,"148 (0%)"
"cosmx_healthy","300",138,0,"138 (0%)"
"cosmx_healthy","301",150,0,"150 (0%)"
"cosmx_healthy","302",142,0,"142 (0%)"
"cosmx_healthy","303",144,0,"144 (0%)"
"cosmx_healthy","304",155,0,"155 (0%)"
"cosmx_healthy","305",159,0,"159 (0%)"
"cosmx_healthy","306",139,0,"139 (0%)"
"cosmx_healthy","307",146,0,"146 (0%)"
"cosmx_healthy","308",140,0,"140 (0%)"
"cosmx_healthy","309",141,0,"141 (0%)"
"cosmx_healthy","310",110,0,"110 (0%)"
"cosmx_healthy","311",136,0,"136 (0%)"
"cosmx_healthy","312",110,0,"110 (0%)"
"cosmx_healthy","313",129,0,"129 (0%)"
"cosmx_healthy","314",130,0,"130 (0%)"
"cosmx_healthy","315",120,0,"120 (0%)"
"cosmx_healthy","316",111,0,"111 (0%)"
"cosmx_healthy","317",119,0,"119 (0%)"
"cosmx_healthy","318",104,0,"104 (0%)"
"cosmx_healthy","319",114,0,"114 (0%)"
"cosmx_healthy","320",93,0,"93 (0%)"
"cosmx_healthy","321",104,0,"104 (0%)"
"cosmx_healthy","322",112,0,"112 (0%)"
"cosmx_healthy","323",101,0,"101 (0%)"
"cosmx_healthy","324",107,0,"107 (0%)"
"cosmx_healthy","325",75,0,"75 (0%)"
"cosmx_healthy","326",77,0,"77 (0%)"
"cosmx_healthy","327",99,0,"99 (0%)"
"cosmx_healthy","328",96,0,"96 (0%)"
"cosmx_healthy","329",103,0,"103 (0%)"
"cosmx_healthy","330",90,0,"90 (0%)"
"cosmx_healthy","331",92,0,"92 (0%)"
"cosmx_healthy","332",73,0,"73 (0%)"
"cosmx_healthy","333",94,0,"94 (0%)"
"cosmx_healthy","334",71,0,"71 (0%)"
"cosmx_healthy","335",87,0,"87 (0%)"
"cosmx_healthy","336",81,0,"81 (0%)"
"cosmx_healthy","337",77,0,"77 (0%)"
"cosmx_healthy","338",87,0,"87 (0%)"
"cosmx_healthy","339",71,0,"71 (0%)"
"cosmx_healthy","340",79,0,"79 (0%)"
"cosmx_healthy","341",84,0,"84 (0%)"
"cosmx_healthy","342",68,0,"68 (0%)"
"cosmx_healthy","343",75,0,"75 (0%)"
"cosmx_healthy","344",86,0,"86 (0%)"
"cosmx_healthy","345",80,0,"80 (0%)"
"cosmx_healthy","346",78,0,"78 (0%)"
"cosmx_healthy","347",83,0,"83 (0%)"
"cosmx_healthy","348",83,0,"83 (0%)"
"cosmx_healthy","349",84,0,"84 (0%)"
"cosmx_healthy","350",63,0,"63 (0%)"
"cosmx_healthy","351",43,0,"43 (0%)"
"cosmx_healthy","352",79,0,"79 (0%)"
"cosmx_healthy","353",59,0,"59 (0%)"
"cosmx_healthy","354",73,0,"73 (0%)"
"cosmx_healthy","355",68,0,"68 (0%)"
"cosmx_healthy","356",82,0,"82 (0%)"
"cosmx_healthy","357",65,0,"65 (0%)"
"cosmx_healthy","358",56,0,"56 (0%)"
"cosmx_healthy","359",61,0,"61 (0%)"
"cosmx_healthy","360",63,0,"63 (0%)"
"cosmx_healthy","361",47,0,"47 (0%)"
"cosmx_healthy","362",54,0,"54 (0%)"
"cosmx_healthy","363",48,0,"48 (0%)"
"cosmx_healthy","364",53,0,"53 (0%)"
"cosmx_healthy","365",37,0,"37 (0%)"
"cosmx_healthy","366",50,0,"50 (0%)"
"cosmx_healthy","367",53,0,"53 (0%)"
"cosmx_healthy","368",57,0,"57 (0%)"
"cosmx_healthy","369",56,0,"56 (0%)"
"cosmx_healthy","370",45,0,"45 (0%)"
"cosmx_healthy","371",50,0,"50 (0%)"
"cosmx_healthy","372",53,0,"53 (0%)"
"cosmx_healthy","373",49,0,"49 (0%)"
"cosmx_healthy","374",49,0,"49 (0%)"
"cosmx_healthy","375",33,0,"33 (0%)"
"cosmx_healthy","376",39,0,"39 (0%)"
"cosmx_healthy","377",35,0,"35 (0%)"
"cosmx_healthy","378",43,0,"43 (0%)"
"cosmx_healthy","379",38,0,"38 (0%)"
"cosmx_healthy","380",39,0,"39 (0%)"
"cosmx_healthy","381",45,0,"45 (0%)"
"cosmx_healthy","382",40,0,"40 (0%)"
"cosmx_healthy","383",38,0,"38 (0%)"
"cosmx_healthy","384",41,0,"41 (0%)"
"cosmx_healthy","385",52,0,"52 (0%)"
"cosmx_healthy","386",47,0,"47 (0%)"
"cosmx_healthy","387",35,0,"35 (0%)"
"cosmx_healthy","388",43,0,"43 (0%)"
"cosmx_healthy","389",33,0,"33 (0%)"
"cosmx_healthy","390",30,0,"30 (0%)"
"cosmx_healthy","391",31,0,"31 (0%)"
"cosmx_healthy","392",37,0,"37 (0%)"
"cosmx_healthy","393",32,0,"32 (0%)"
"cosmx_healthy","394",26,0,"26 (0%)"
"cosmx_healthy","395",32,0,"32 (0%)"
"cosmx_healthy","396",37,0,"37 (0%)"
"cosmx_healthy","397",33,0,"33 (0%)"
"cosmx_healthy","398",35,0,"35 (0%)"
"cosmx_healthy","399",25,0,"25 (0%)"
"cosmx_healthy","400",35,0,"35 (0%)"
"cosmx_healthy","401",34,0,"34 (0%)"
"cosmx_healthy","402",28,0,"28 (0%)"
"cosmx_healthy","403",34,0,"34 (0%)"
"cosmx_healthy","404",20,0,"20 (0%)"
"cosmx_healthy","405",38,0,"38 (0%)"
"cosmx_healthy","406",34,0,"34 (0%)"
"cosmx_healthy","407",30,0,"30 (0%)"
"cosmx_healthy","408",19,0,"19 (0%)"
"cosmx_healthy","409",25,0,"25 (0%)"
"cosmx_healthy","410",32,0,"32 (0%)"
"cosmx_healthy","411",22,0,"22 (0%)"
"cosmx_healthy","412",21,0,"21 (0%)"
"cosmx_healthy","413",26,0,"26 (0%)"
"cosmx_healthy","414",32,0,"32 (0%)"
"cosmx_healthy","415",21,0,"21 (0%)"
"cosmx_healthy","416",21,0,"21 (0%)"
"cosmx_healthy","417",30,0,"30 (0%)"
"cosmx_healthy","418",23,0,"23 (0%)"
"cosmx_healthy","419",25,0,"25 (0%)"
"cosmx_healthy","420",26,0,"26 (0%)"
"cosmx_healthy","421",31,0,"31 (0%)"
"cosmx_healthy","422",16,0,"16 (0%)"
"cosmx_healthy","423",15,0,"15 (0%)"
"cosmx_healthy","424",15,0,"15 (0%)"
"cosmx_healthy","425",24,0,"24 (0%)"
"cosmx_healthy","426",20,0,"20 (0%)"
"cosmx_healthy","427",20,0,"20 (0%)"
"cosmx_healthy","428",20,0,"20 (0%)"
"cosmx_healthy","429",17,0,"17 (0%)"
"cosmx_healthy","430",23,0,"23 (0%)"
"cosmx_healthy","431",27,0,"27 (0%)"
"cosmx_healthy","432",14,0,"14 (0%)"
"cosmx_healthy","433",21,0,"21 (0%)"
"cosmx_healthy","434",13,0,"13 (0%)"
"cosmx_healthy","435",20,0,"20 (0%)"
"cosmx_healthy","436",13,0,"13 (0%)"
"cosmx_healthy","437",20,0,"20 (0%)"
"cosmx_healthy","438",15,0,"15 (0%)"
"cosmx_healthy","439",12,0,"12 (0%)"
"cosmx_healthy","440",15,0,"15 (0%)"
"cosmx_healthy","441",19,0,"19 (0%)"
"cosmx_healthy","442",19,0,"19 (0%)"
"cosmx_healthy","443",14,0,"14 (0%)"
"cosmx_healthy","444",9,0,"9 (0%)"
"cosmx_healthy","445",16,0,"16 (0%)"
"cosmx_healthy","446",13,0,"13 (0%)"
"cosmx_healthy","447",16,0,"16 (0%)"
"cosmx_healthy","448",21,0,"21 (0%)"
"cosmx_healthy","449",25,0,"25 (0%)"
"cosmx_healthy","450",11,0,"11 (0%)"
"cosmx_healthy","451",14,0,"14 (0%)"
"cosmx_healthy","452",6,0,"6 (0%)"
"cosmx_healthy","453",16,0,"16 (0%)"
"cosmx_healthy","454",14,0,"14 (0%)"
"cosmx_healthy","455",12,0,"12 (0%)"
"cosmx_healthy","456",15,0,"15 (0%)"
"cosmx_healthy","457",15,0,"15 (0%)"
"cosmx_healthy","458",16,0,"16 (0%)"
"cosmx_healthy","459",5,0,"5 (0%)"
"cosmx_healthy","460",11,0,"11 (0%)"
"cosmx_healthy","461",18,0,"18 (0%)"
"cosmx_healthy","462",10,0,"10 (0%)"
"cosmx_healthy","463",10,0,"10 (0%)"
"cosmx_healthy","464",7,0,"7 (0%)"
"cosmx_healthy","465",12,0,"12 (0%)"
"cosmx_healthy","466",16,0,"16 (0%)"
"cosmx_healthy","467",9,0,"9 (0%)"
"cosmx_healthy","468",17,0,"17 (0%)"
"cosmx_healthy","469",8,0,"8 (0%)"
"cosmx_healthy","470",8,0,"8 (0%)"
"cosmx_healthy","471",6,0,"6 (0%)"
"cosmx_healthy","472",10,0,"10 (0%)"
"cosmx_healthy","473",7,0,"7 (0%)"
"cosmx_healthy","474",11,0,"11 (0%)"
"cosmx_healthy","475",16,0,"16 (0%)"
"cosmx_healthy","476",9,0,"9 (0%)"
"cosmx_healthy","477",7,0,"7 (0%)"
"cosmx_healthy","478",7,0,"7 (0%)"
"cosmx_healthy","479",8,0,"8 (0%)"
"cosmx_healthy","480",9,0,"9 (0%)"
"cosmx_healthy","481",8,0,"8 (0%)"
"cosmx_healthy","482",8,0,"8 (0%)"
"cosmx_healthy","483",15,0,"15 (0%)"
"cosmx_healthy","484",15,0,"15 (0%)"
"cosmx_healthy","485",6,0,"6 (0%)"
"cosmx_healthy","486",9,0,"9 (0%)"
"cosmx_healthy","487",9,0,"9 (0%)"
"cosmx_healthy","488",12,0,"12 (0%)"
"cosmx_healthy","489",2,0,"2 (0%)"
"cosmx_healthy","490",5,0,"5 (0%)"
"cosmx_healthy","491",8,0,"8 (0%)"
"cosmx_healthy","492",9,0,"9 (0%)"
"cosmx_healthy","493",4,0,"4 (0%)"
"cosmx_healthy","494",10,0,"10 (0%)"
"cosmx_healthy","495",9,0,"9 (0%)"
"cosmx_healthy","496",4,0,"4 (0%)"
"cosmx_healthy","497",6,0,"6 (0%)"
"cosmx_healthy","498",11,0,"11 (0%)"
"cosmx_healthy","499",1,0,"1 (0%)"
"cosmx_healthy","500",8,0,"8 (0%)"
"cosmx_healthy","501",4,0,"4 (0%)"
"cosmx_healthy","502",11,0,"11 (0%)"
"cosmx_healthy","503",5,0,"5 (0%)"
"cosmx_healthy","504",6,0,"6 (0%)"
"cosmx_healthy","505",5,0,"5 (0%)"
"cosmx_healthy","506",3,0,"3 (0%)"
"cosmx_healthy","507",7,0,"7 (0%)"
"cosmx_healthy","508",9,0,"9 (0%)"
"cosmx_healthy","509",10,0,"10 (0%)"
"cosmx_healthy","510",5,0,"5 (0%)"
"cosmx_healthy","511",7,0,"7 (0%)"
"cosmx_healthy","512",10,0,"10 (0%)"
"cosmx_healthy","513",9,0,"9 (0%)"
"cosmx_healthy","514",6,0,"6 (0%)"
"cosmx_healthy","515",8,0,"8 (0%)"
"cosmx_healthy","516",9,0,"9 (0%)"
"cosmx_healthy","517",5,0,"5 (0%)"
"cosmx_healthy","518",3,0,"3 (0%)"
"cosmx_healthy","519",4,0,"4 (0%)"
"cosmx_healthy","520",2,0,"2 (0%)"
"cosmx_healthy","521",7,0,"7 (0%)"
"cosmx_healthy","522",4,0,"4 (0%)"
"cosmx_healthy","523",7,0,"7 (0%)"
"cosmx_healthy","524",5,0,"5 (0%)"
"cosmx_healthy","525",5,0,"5 (0%)"
"cosmx_healthy","526",6,0,"6 (0%)"
"cosmx_healthy","527",6,0,"6 (0%)"
"cosmx_healthy","528",3,0,"3 (0%)"
"cosmx_healthy","529",3,0,"3 (0%)"
"cosmx_healthy","530",1,0,"1 (0%)"
"cosmx_healthy","531",6,0,"6 (0%)"
"cosmx_healthy","532",2,0,"2 (0%)"
"cosmx_healthy","534",2,0,"2 (0%)"
"cosmx_healthy","535",4,0,"4 (0%)"
"cosmx_healthy","536",3,0,"3 (0%)"
"cosmx_healthy","537",3,0,"3 (0%)"
"cosmx_healthy","538",2,0,"2 (0%)"
"cosmx_healthy","539",7,0,"7 (0%)"
"cosmx_healthy","540",7,0,"7 (0%)"
"cosmx_healthy","541",4,0,"4 (0%)"
"cosmx_healthy","542",4,0,"4 (0%)"
"cosmx_healthy","543",3,0,"3 (0%)"
"cosmx_healthy","544",3,0,"3 (0%)"
"cosmx_healthy","545",4,0,"4 (0%)"
"cosmx_healthy","546",3,0,"3 (0%)"
"cosmx_healthy","547",2,0,"2 (0%)"
"cosmx_healthy","549",7,0,"7 (0%)"
"cosmx_healthy","550",2,0,"2 (0%)"
"cosmx_healthy","551",3,0,"3 (0%)"
"cosmx_healthy","552",2,0,"2 (0%)"
"cosmx_healthy","553",1,0,"1 (0%)"
"cosmx_healthy","554",4,0,"4 (0%)"
"cosmx_healthy","555",2,0,"2 (0%)"
"cosmx_healthy","556",3,0,"3 (0%)"
"cosmx_healthy","557",5,0,"5 (0%)"
"cosmx_healthy","558",2,0,"2 (0%)"
"cosmx_healthy","559",1,0,"1 (0%)"
"cosmx_healthy","560",6,0,"6 (0%)"
"cosmx_healthy","561",4,0,"4 (0%)"
"cosmx_healthy","562",4,0,"4 (0%)"
"cosmx_healthy","563",1,0,"1 (0%)"
"cosmx_healthy","564",3,0,"3 (0%)"
"cosmx_healthy","565",2,0,"2 (0%)"
"cosmx_healthy","566",4,0,"4 (0%)"
"cosmx_healthy","567",4,0,"4 (0%)"
"cosmx_healthy","568",1,0,"1 (0%)"
"cosmx_healthy","569",3,0,"3 (0%)"
"cosmx_healthy","570",2,0,"2 (0%)"
"cosmx_healthy","571",2,0,"2 (0%)"
"cosmx_healthy","572",2,0,"2 (0%)"
"cosmx_healthy","573",2,0,"2 (0%)"
"cosmx_healthy","574",4,0,"4 (0%)"
"cosmx_healthy","575",2,0,"2 (0%)"
"cosmx_healthy","576",1,0,"1 (0%)"
"cosmx_healthy","577",3,0,"3 (0%)"
"cosmx_healthy","578",1,0,"1 (0%)"
"cosmx_healthy","579",2,0,"2 (0%)"
"cosmx_healthy","580",1,0,"1 (0%)"
"cosmx_healthy","581",1,0,"1 (0%)"
"cosmx_healthy","583",1,0,"1 (0%)"
"cosmx_healthy","584",3,0,"3 (0%)"
"cosmx_healthy","585",3,0,"3 (0%)"
"cosmx_healthy","586",1,0,"1 (0%)"
"cosmx_healthy","587",5,0,"5 (0%)"
"cosmx_healthy","588",4,0,"4 (0%)"
"cosmx_healthy","589",4,0,"4 (0%)"
"cosmx_healthy","590",3,0,"3 (0%)"
"cosmx_healthy","591",2,0,"2 (0%)"
"cosmx_healthy","592",3,0,"3 (0%)"
"cosmx_healthy","593",2,0,"2 (0%)"
"cosmx_healthy","594",1,0,"1 (0%)"
"cosmx_healthy","596",4,0,"4 (0%)"
"cosmx_healthy","598",1,0,"1 (0%)"
"cosmx_healthy","599",4,0,"4 (0%)"
"cosmx_healthy","601",1,0,"1 (0%)"
"cosmx_healthy","602",1,0,"1 (0%)"
"cosmx_healthy","603",1,0,"1 (0%)"
"cosmx_healthy","605",2,0,"2 (0%)"
"cosmx_healthy","606",1,0,"1 (0%)"
"cosmx_healthy","608",2,0,"2 (0%)"
"cosmx_healthy","609",3,0,"3 (0%)"
"cosmx_healthy","610",1,0,"1 (0%)"
"cosmx_healthy","611",2,0,"2 (0%)"
"cosmx_healthy","612",2,0,"2 (0%)"
"cosmx_healthy","613",1,0,"1 (0%)"
"cosmx_healthy","614",1,0,"1 (0%)"
"cosmx_healthy","615",1,0,"1 (0%)"
"cosmx_healthy","616",3,0,"3 (0%)"
"cosmx_healthy","617",1,0,"1 (0%)"
"cosmx_healthy","618",1,0,"1 (0%)"
"cosmx_healthy","620",1,0,"1 (0%)"
"cosmx_healthy","621",1,0,"1 (0%)"
"cosmx_healthy","622",3,0,"3 (0%)"
"cosmx_healthy","623",4,0,"4 (0%)"
"cosmx_healthy","624",1,0,"1 (0%)"
"cosmx_healthy","625",1,0,"1 (0%)"
"cosmx_healthy","626",1,0,"1 (0%)"
"cosmx_healthy","627",4,0,"4 (0%)"
"cosmx_healthy","628",3,0,"3 (0%)"
"cosmx_healthy","631",1,0,"1 (0%)"
"cosmx_healthy","632",2,0,"2 (0%)"
"cosmx_healthy","633",2,0,"2 (0%)"
"cosmx_healthy","635",4,0,"4 (0%)"
"cosmx_healthy","636",1,0,"1 (0%)"
"cosmx_healthy","638",1,0,"1 (0%)"
"cosmx_healthy","641",1,0,"1 (0%)"
"cosmx_healthy","645",1,0,"1 (0%)"
"cosmx_healthy","646",1,0,"1 (0%)"
"cosmx_healthy","648",1,0,"1 (0%)"
"cosmx_healthy","650",2,0,"2 (0%)"
"cosmx_healthy","651",3,0,"3 (0%)"
"cosmx_healthy","656",1,0,"1 (0%)"
"cosmx_healthy","657",2,0,"2 (0%)"
"cosmx_healthy","660",1,0,"1 (0%)"
"cosmx_healthy","663",2,0,"2 (0%)"
"cosmx_healthy","664",2,0,"2 (0%)"
"cosmx_healthy","666",2,0,"2 (0%)"
"cosmx_healthy","667",1,0,"1 (0%)"
"cosmx_healthy","668",2,0,"2 (0%)"
"cosmx_healthy","672",1,0,"1 (0%)"
"cosmx_healthy","673",1,0,"1 (0%)"
"cosmx_healthy","677",1,0,"1 (0%)"
"cosmx_healthy","678",1,0,"1 (0%)"
"cosmx_healthy","683",1,0,"1 (0%)"
"cosmx_healthy","687",1,0,"1 (0%)"
"cosmx_healthy","689",1,0,"1 (0%)"
"cosmx_healthy","697",1,0,"1 (0%)"
"cosmx_healthy","698",1,0,"1 (0%)"
"cosmx_healthy","700",1,0,"1 (0%)"
"cosmx_healthy","708",1,0,"1 (0%)"
"cosmx_healthy","709",1,0,"1 (0%)"
"cosmx_healthy","715",1,0,"1 (0%)"
"cosmx_healthy","718",2,0,"2 (0%)"
"cosmx_healthy","725",1,0,"1 (0%)"
"cosmx_healthy","726",1,0,"1 (0%)"
"cosmx_healthy","734",1,0,"1 (0%)"
"cosmx_healthy","740",1,0,"1 (0%)"
"cosmx_healthy","742",1,0,"1 (0%)"
"cosmx_healthy","745",1,0,"1 (0%)"
"cosmx_healthy","760",1,0,"1 (0%)"
"cosmx_healthy","776",1,0,"1 (0%)"
"cosmx_healthy","778",2,0,"2 (0%)"
"cosmx_healthy","779",1,0,"1 (0%)"
"cosmx_healthy","780",1,0,"1 (0%)"
"cosmx_healthy","785",1,0,"1 (0%)"
"cosmx_healthy","806",1,0,"1 (0%)"
"cosmx_healthy","810",1,0,"1 (0%)"
"cosmx_healthy","826",1,0,"1 (0%)"
"cosmx_healthy","836",1,0,"1 (0%)"
"cosmx_healthy","848",1,0,"1 (0%)"
"cosmx_healthy","851",1,0,"1 (0%)"
"cosmx_healthy","857",1,0,"1 (0%)"
"cosmx_healthy","860",1,0,"1 (0%)"
"cosmx_healthy","865",1,0,"1 (0%)"
"cosmx_healthy","867",1,0,"1 (0%)"
"cosmx_healthy","877",1,0,"1 (0%)"
"cosmx_healthy","879",1,0,"1 (0%)"
"cosmx_healthy","923",1,0,"1 (0%)"
"cosmx_healthy","937",1,0,"1 (0%)"
"cosmx_healthy","956",1,0,"1 (0%)"
"cosmx_healthy","968",1,0,"1 (0%)"
"cosmx_healthy","1090",1,0,"1 (0%)"
"cosmx_cancer","0",359338910,0.7809,"359,338,910 (78.0885%)"
"cosmx_cancer","1",55348696,0.1203,"55,348,696 (12.0279%)"
"cosmx_cancer","2",16167484,0.0351,"16,167,484 (3.5134%)"
"cosmx_cancer","3",7383462,0.016,"7,383,462 (1.6045%)"
"cosmx_cancer","4",4350016,0.0095,"4,350,016 (0.9453%)"
"cosmx_cancer","5",2922419,0.0064,"2,922,419 (0.6351%)"
"cosmx_cancer","6",2117824,0.0046,"2,117,824 (0.4602%)"
"cosmx_cancer","7",1612873,0.0035,"1,612,873 (0.3505%)"
"cosmx_cancer","8",1270236,0.0028,"1,270,236 (0.276%)"
"cosmx_cancer","9",1025930,0.0022,"1,025,930 (0.2229%)"
"cosmx_cancer","10",845107,0.0018,"845,107 (0.1837%)"
"cosmx_cancer","11",707017,0.0015,"707,017 (0.1536%)"
"cosmx_cancer","12",600107,0.0013,"600,107 (0.1304%)"
"cosmx_cancer","13",514859,0.0011,"514,859 (0.1119%)"
"cosmx_cancer","14",445924,0.001,"445,924 (0.0969%)"
"cosmx_cancer","15",388968,8e-04,"388,968 (0.0845%)"
"cosmx_cancer","16",342510,7e-04,"342,510 (0.0744%)"
"cosmx_cancer","17",304198,7e-04,"304,198 (0.0661%)"
"cosmx_cancer","18",271381,6e-04,"271,381 (0.059%)"
"cosmx_cancer","19",244036,5e-04,"244,036 (0.053%)"
"cosmx_cancer","20",220272,5e-04,"220,272 (0.0479%)"
"cosmx_cancer","21",199337,4e-04,"199,337 (0.0433%)"
"cosmx_cancer","22",180906,4e-04,"180,906 (0.0393%)"
"cosmx_cancer","23",165423,4e-04,"165,423 (0.0359%)"
"cosmx_cancer","24",151283,3e-04,"151,283 (0.0329%)"
"cosmx_cancer","25",138911,3e-04,"138,911 (0.0302%)"
"cosmx_cancer","26",128115,3e-04,"128,115 (0.0278%)"
"cosmx_cancer","27",118548,3e-04,"118,548 (0.0258%)"
"cosmx_cancer","28",109817,2e-04,"109,817 (0.0239%)"
"cosmx_cancer","29",102061,2e-04,"102,061 (0.0222%)"
"cosmx_cancer","30",95563,2e-04,"95,563 (0.0208%)"
"cosmx_cancer","31",89365,2e-04,"89,365 (0.0194%)"
"cosmx_cancer","32",83577,2e-04,"83,577 (0.0182%)"
"cosmx_cancer","33",78111,2e-04,"78,111 (0.017%)"
"cosmx_cancer","34",73701,2e-04,"73,701 (0.016%)"
"cosmx_cancer","35",68530,1e-04,"68,530 (0.0149%)"
"cosmx_cancer","36",65163,1e-04,"65,163 (0.0142%)"
"cosmx_cancer","37",61532,1e-04,"61,532 (0.0134%)"
"cosmx_cancer","38",57946,1e-04,"57,946 (0.0126%)"
"cosmx_cancer","39",55081,1e-04,"55,081 (0.012%)"
"cosmx_cancer","40",52121,1e-04,"52,121 (0.0113%)"
"cosmx_cancer","41",49793,1e-04,"49,793 (0.0108%)"
"cosmx_cancer","42",47476,1e-04,"47,476 (0.0103%)"
"cosmx_cancer","43",45004,1e-04,"45,004 (0.0098%)"
"cosmx_cancer","44",43009,1e-04,"43,009 (0.0093%)"
"cosmx_cancer","45",40628,1e-04,"40,628 (0.0088%)"
"cosmx_cancer","46",39154,1e-04,"39,154 (0.0085%)"
"cosmx_cancer","47",37544,1e-04,"37,544 (0.0082%)"
"cosmx_cancer","48",35500,1e-04,"35,500 (0.0077%)"
"cosmx_cancer","49",34137,1e-04,"34,137 (0.0074%)"
"cosmx_cancer","50",32898,1e-04,"32,898 (0.0071%)"
"cosmx_cancer","51",31447,1e-04,"31,447 (0.0068%)"
"cosmx_cancer","52",30518,1e-04,"30,518 (0.0066%)"
"cosmx_cancer","53",28892,1e-04,"28,892 (0.0063%)"
"cosmx_cancer","54",28153,1e-04,"28,153 (0.0061%)"
"cosmx_cancer","55",26920,1e-04,"26,920 (0.0059%)"
"cosmx_cancer","56",26067,1e-04,"26,067 (0.0057%)"
"cosmx_cancer","57",24952,1e-04,"24,952 (0.0054%)"
"cosmx_cancer","58",24104,1e-04,"24,104 (0.0052%)"
"cosmx_cancer","59",23026,1e-04,"23,026 (0.005%)"
"cosmx_cancer","60",22502,0,"22,502 (0.0049%)"
"cosmx_cancer","61",21988,0,"21,988 (0.0048%)"
"cosmx_cancer","62",21044,0,"21,044 (0.0046%)"
"cosmx_cancer","63",20212,0,"20,212 (0.0044%)"
"cosmx_cancer","64",19652,0,"19,652 (0.0043%)"
"cosmx_cancer","65",19143,0,"19,143 (0.0042%)"
"cosmx_cancer","66",18457,0,"18,457 (0.004%)"
"cosmx_cancer","67",17854,0,"17,854 (0.0039%)"
"cosmx_cancer","68",17263,0,"17,263 (0.0038%)"
"cosmx_cancer","69",16702,0,"16,702 (0.0036%)"
"cosmx_cancer","70",16222,0,"16,222 (0.0035%)"
"cosmx_cancer","71",15482,0,"15,482 (0.0034%)"
"cosmx_cancer","72",15351,0,"15,351 (0.0033%)"
"cosmx_cancer","73",14699,0,"14,699 (0.0032%)"
"cosmx_cancer","74",14211,0,"14,211 (0.0031%)"
"cosmx_cancer","75",13765,0,"13,765 (0.003%)"
"cosmx_cancer","76",13778,0,"13,778 (0.003%)"
"cosmx_cancer","77",13158,0,"13,158 (0.0029%)"
"cosmx_cancer","78",13081,0,"13,081 (0.0028%)"
"cosmx_cancer","79",12293,0,"12,293 (0.0027%)"
"cosmx_cancer","80",12134,0,"12,134 (0.0026%)"
"cosmx_cancer","81",11659,0,"11,659 (0.0025%)"
"cosmx_cancer","82",11590,0,"11,590 (0.0025%)"
"cosmx_cancer","83",11176,0,"11,176 (0.0024%)"
"cosmx_cancer","84",10877,0,"10,877 (0.0024%)"
"cosmx_cancer","85",10720,0,"10,720 (0.0023%)"
"cosmx_cancer","86",10455,0,"10,455 (0.0023%)"
"cosmx_cancer","87",10075,0,"10,075 (0.0022%)"
"cosmx_cancer","88",9950,0,"9,950 (0.0022%)"
"cosmx_cancer","89",9766,0,"9,766 (0.0021%)"
"cosmx_cancer","90",9336,0,"9,336 (0.002%)"
"cosmx_cancer","91",9070,0,"9,070 (0.002%)"
"cosmx_cancer","92",9004,0,"9,004 (0.002%)"
"cosmx_cancer","93",8773,0,"8,773 (0.0019%)"
"cosmx_cancer","94",8626,0,"8,626 (0.0019%)"
"cosmx_cancer","95",8493,0,"8,493 (0.0018%)"
"cosmx_cancer","96",8226,0,"8,226 (0.0018%)"
"cosmx_cancer","97",7933,0,"7,933 (0.0017%)"
"cosmx_cancer","98",7928,0,"7,928 (0.0017%)"
"cosmx_cancer","99",7482,0,"7,482 (0.0016%)"
"cosmx_cancer","100",7423,0,"7,423 (0.0016%)"
"cosmx_cancer","101",7299,0,"7,299 (0.0016%)"
"cosmx_cancer","102",7123,0,"7,123 (0.0015%)"
"cosmx_cancer","103",7013,0,"7,013 (0.0015%)"
"cosmx_cancer","104",6733,0,"6,733 (0.0015%)"
"cosmx_cancer","105",6625,0,"6,625 (0.0014%)"
"cosmx_cancer","106",6618,0,"6,618 (0.0014%)"
"cosmx_cancer","107",6578,0,"6,578 (0.0014%)"
"cosmx_cancer","108",6345,0,"6,345 (0.0014%)"
"cosmx_cancer","109",6299,0,"6,299 (0.0014%)"
"cosmx_cancer","110",6148,0,"6,148 (0.0013%)"
"cosmx_cancer","111",5921,0,"5,921 (0.0013%)"
"cosmx_cancer","112",5857,0,"5,857 (0.0013%)"
"cosmx_cancer","113",5646,0,"5,646 (0.0012%)"
"cosmx_cancer","114",5660,0,"5,660 (0.0012%)"
"cosmx_cancer","115",5351,0,"5,351 (0.0012%)"
"cosmx_cancer","116",5405,0,"5,405 (0.0012%)"
"cosmx_cancer","117",5221,0,"5,221 (0.0011%)"
"cosmx_cancer","118",5235,0,"5,235 (0.0011%)"
"cosmx_cancer","119",4984,0,"4,984 (0.0011%)"
"cosmx_cancer","120",4839,0,"4,839 (0.0011%)"
"cosmx_cancer","121",4808,0,"4,808 (0.001%)"
"cosmx_cancer","122",4720,0,"4,720 (0.001%)"
"cosmx_cancer","123",4713,0,"4,713 (0.001%)"
"cosmx_cancer","124",4520,0,"4,520 (0.001%)"
"cosmx_cancer","125",4517,0,"4,517 (0.001%)"
"cosmx_cancer","126",4410,0,"4,410 (0.001%)"
"cosmx_cancer","127",4388,0,"4,388 (0.001%)"
"cosmx_cancer","128",4309,0,"4,309 (9e-04%)"
"cosmx_cancer","129",4250,0,"4,250 (9e-04%)"
"cosmx_cancer","130",4115,0,"4,115 (9e-04%)"
"cosmx_cancer","131",4021,0,"4,021 (9e-04%)"
"cosmx_cancer","132",4046,0,"4,046 (9e-04%)"
"cosmx_cancer","133",3931,0,"3,931 (9e-04%)"
"cosmx_cancer","134",3754,0,"3,754 (8e-04%)"
"cosmx_cancer","135",3836,0,"3,836 (8e-04%)"
"cosmx_cancer","136",3656,0,"3,656 (8e-04%)"
"cosmx_cancer","137",3573,0,"3,573 (8e-04%)"
"cosmx_cancer","138",3584,0,"3,584 (8e-04%)"
"cosmx_cancer","139",3537,0,"3,537 (8e-04%)"
"cosmx_cancer","140",3575,0,"3,575 (8e-04%)"
"cosmx_cancer","141",3373,0,"3,373 (7e-04%)"
"cosmx_cancer","142",3307,0,"3,307 (7e-04%)"
"cosmx_cancer","143",3329,0,"3,329 (7e-04%)"
"cosmx_cancer","144",3304,0,"3,304 (7e-04%)"
"cosmx_cancer","145",3220,0,"3,220 (7e-04%)"
"cosmx_cancer","146",3271,0,"3,271 (7e-04%)"
"cosmx_cancer","147",3172,0,"3,172 (7e-04%)"
"cosmx_cancer","148",3050,0,"3,050 (7e-04%)"
"cosmx_cancer","149",3021,0,"3,021 (7e-04%)"
"cosmx_cancer","150",2957,0,"2,957 (6e-04%)"
"cosmx_cancer","151",2839,0,"2,839 (6e-04%)"
"cosmx_cancer","152",2898,0,"2,898 (6e-04%)"
"cosmx_cancer","153",2826,0,"2,826 (6e-04%)"
"cosmx_cancer","154",2803,0,"2,803 (6e-04%)"
"cosmx_cancer","155",2776,0,"2,776 (6e-04%)"
"cosmx_cancer","156",2705,0,"2,705 (6e-04%)"
"cosmx_cancer","157",2645,0,"2,645 (6e-04%)"
"cosmx_cancer","158",2554,0,"2,554 (6e-04%)"
"cosmx_cancer","159",2581,0,"2,581 (6e-04%)"
"cosmx_cancer","160",2610,0,"2,610 (6e-04%)"
"cosmx_cancer","161",2519,0,"2,519 (5e-04%)"
"cosmx_cancer","162",2503,0,"2,503 (5e-04%)"
"cosmx_cancer","163",2584,0,"2,584 (6e-04%)"
"cosmx_cancer","164",2334,0,"2,334 (5e-04%)"
"cosmx_cancer","165",2428,0,"2,428 (5e-04%)"
"cosmx_cancer","166",2329,0,"2,329 (5e-04%)"
"cosmx_cancer","167",2327,0,"2,327 (5e-04%)"
"cosmx_cancer","168",2260,0,"2,260 (5e-04%)"
"cosmx_cancer","169",2230,0,"2,230 (5e-04%)"
"cosmx_cancer","170",2227,0,"2,227 (5e-04%)"
"cosmx_cancer","171",2180,0,"2,180 (5e-04%)"
"cosmx_cancer","172",2164,0,"2,164 (5e-04%)"
"cosmx_cancer","173",2137,0,"2,137 (5e-04%)"
"cosmx_cancer","174",2041,0,"2,041 (4e-04%)"
"cosmx_cancer","175",2046,0,"2,046 (4e-04%)"
"cosmx_cancer","176",2064,0,"2,064 (4e-04%)"
"cosmx_cancer","177",1940,0,"1,940 (4e-04%)"
"cosmx_cancer","178",1954,0,"1,954 (4e-04%)"
"cosmx_cancer","179",2000,0,"2,000 (4e-04%)"
"cosmx_cancer","180",1892,0,"1,892 (4e-04%)"
"cosmx_cancer","181",1856,0,"1,856 (4e-04%)"
"cosmx_cancer","182",1863,0,"1,863 (4e-04%)"
"cosmx_cancer","183",1769,0,"1,769 (4e-04%)"
"cosmx_cancer","184",1904,0,"1,904 (4e-04%)"
"cosmx_cancer","185",1808,0,"1,808 (4e-04%)"
"cosmx_cancer","186",1811,0,"1,811 (4e-04%)"
"cosmx_cancer","187",1798,0,"1,798 (4e-04%)"
"cosmx_cancer","188",1713,0,"1,713 (4e-04%)"
"cosmx_cancer","189",1677,0,"1,677 (4e-04%)"
"cosmx_cancer","190",1719,0,"1,719 (4e-04%)"
"cosmx_cancer","191",1618,0,"1,618 (4e-04%)"
"cosmx_cancer","192",1676,0,"1,676 (4e-04%)"
"cosmx_cancer","193",1594,0,"1,594 (3e-04%)"
"cosmx_cancer","194",1603,0,"1,603 (3e-04%)"
"cosmx_cancer","195",1505,0,"1,505 (3e-04%)"
"cosmx_cancer","196",1530,0,"1,530 (3e-04%)"
"cosmx_cancer","197",1555,0,"1,555 (3e-04%)"
"cosmx_cancer","198",1509,0,"1,509 (3e-04%)"
"cosmx_cancer","199",1516,0,"1,516 (3e-04%)"
"cosmx_cancer","200",1495,0,"1,495 (3e-04%)"
"cosmx_cancer","201",1430,0,"1,430 (3e-04%)"
"cosmx_cancer","202",1448,0,"1,448 (3e-04%)"
"cosmx_cancer","203",1417,0,"1,417 (3e-04%)"
"cosmx_cancer","204",1383,0,"1,383 (3e-04%)"
"cosmx_cancer","205",1398,0,"1,398 (3e-04%)"
"cosmx_cancer","206",1340,0,"1,340 (3e-04%)"
"cosmx_cancer","207",1407,0,"1,407 (3e-04%)"
"cosmx_cancer","208",1337,0,"1,337 (3e-04%)"
"cosmx_cancer","209",1362,0,"1,362 (3e-04%)"
"cosmx_cancer","210",1330,0,"1,330 (3e-04%)"
"cosmx_cancer","211",1253,0,"1,253 (3e-04%)"
"cosmx_cancer","212",1239,0,"1,239 (3e-04%)"
"cosmx_cancer","213",1254,0,"1,254 (3e-04%)"
"cosmx_cancer","214",1296,0,"1,296 (3e-04%)"
"cosmx_cancer","215",1298,0,"1,298 (3e-04%)"
"cosmx_cancer","216",1195,0,"1,195 (3e-04%)"
"cosmx_cancer","217",1193,0,"1,193 (3e-04%)"
"cosmx_cancer","218",1161,0,"1,161 (3e-04%)"
"cosmx_cancer","219",1145,0,"1,145 (2e-04%)"
"cosmx_cancer","220",1156,0,"1,156 (3e-04%)"
"cosmx_cancer","221",1123,0,"1,123 (2e-04%)"
"cosmx_cancer","222",1150,0,"1,150 (2e-04%)"
"cosmx_cancer","223",1197,0,"1,197 (3e-04%)"
"cosmx_cancer","224",1066,0,"1,066 (2e-04%)"
"cosmx_cancer","225",1102,0,"1,102 (2e-04%)"
"cosmx_cancer","226",1128,0,"1,128 (2e-04%)"
"cosmx_cancer","227",1116,0,"1,116 (2e-04%)"
"cosmx_cancer","228",1063,0,"1,063 (2e-04%)"
"cosmx_cancer","229",1073,0,"1,073 (2e-04%)"
"cosmx_cancer","230",1000,0,"1,000 (2e-04%)"
"cosmx_cancer","231",998,0,"998 (2e-04%)"
"cosmx_cancer","232",1065,0,"1,065 (2e-04%)"
"cosmx_cancer","233",1032,0,"1,032 (2e-04%)"
"cosmx_cancer","234",971,0,"971 (2e-04%)"
"cosmx_cancer","235",964,0,"964 (2e-04%)"
"cosmx_cancer","236",918,0,"918 (2e-04%)"
"cosmx_cancer","237",935,0,"935 (2e-04%)"
"cosmx_cancer","238",951,0,"951 (2e-04%)"
"cosmx_cancer","239",923,0,"923 (2e-04%)"
"cosmx_cancer","240",906,0,"906 (2e-04%)"
"cosmx_cancer","241",865,0,"865 (2e-04%)"
"cosmx_cancer","242",931,0,"931 (2e-04%)"
"cosmx_cancer","243",872,0,"872 (2e-04%)"
"cosmx_cancer","244",827,0,"827 (2e-04%)"
"cosmx_cancer","245",845,0,"845 (2e-04%)"
"cosmx_cancer","246",870,0,"870 (2e-04%)"
"cosmx_cancer","247",836,0,"836 (2e-04%)"
"cosmx_cancer","248",868,0,"868 (2e-04%)"
"cosmx_cancer","249",884,0,"884 (2e-04%)"
"cosmx_cancer","250",812,0,"812 (2e-04%)"
"cosmx_cancer","251",772,0,"772 (2e-04%)"
"cosmx_cancer","252",777,0,"777 (2e-04%)"
"cosmx_cancer","253",788,0,"788 (2e-04%)"
"cosmx_cancer","254",744,0,"744 (2e-04%)"
"cosmx_cancer","255",781,0,"781 (2e-04%)"
"cosmx_cancer","256",804,0,"804 (2e-04%)"
"cosmx_cancer","257",777,0,"777 (2e-04%)"
"cosmx_cancer","258",752,0,"752 (2e-04%)"
"cosmx_cancer","259",708,0,"708 (2e-04%)"
"cosmx_cancer","260",729,0,"729 (2e-04%)"
"cosmx_cancer","261",735,0,"735 (2e-04%)"
"cosmx_cancer","262",693,0,"693 (2e-04%)"
"cosmx_cancer","263",701,0,"701 (2e-04%)"
"cosmx_cancer","264",722,0,"722 (2e-04%)"
"cosmx_cancer","265",725,0,"725 (2e-04%)"
"cosmx_cancer","266",678,0,"678 (1e-04%)"
"cosmx_cancer","267",713,0,"713 (2e-04%)"
"cosmx_cancer","268",713,0,"713 (2e-04%)"
"cosmx_cancer","269",641,0,"641 (1e-04%)"
"cosmx_cancer","270",640,0,"640 (1e-04%)"
"cosmx_cancer","271",645,0,"645 (1e-04%)"
"cosmx_cancer","272",639,0,"639 (1e-04%)"
"cosmx_cancer","273",671,0,"671 (1e-04%)"
"cosmx_cancer","274",623,0,"623 (1e-04%)"
"cosmx_cancer","275",629,0,"629 (1e-04%)"
"cosmx_cancer","276",587,0,"587 (1e-04%)"
"cosmx_cancer","277",616,0,"616 (1e-04%)"
"cosmx_cancer","278",581,0,"581 (1e-04%)"
"cosmx_cancer","279",636,0,"636 (1e-04%)"
"cosmx_cancer","280",574,0,"574 (1e-04%)"
"cosmx_cancer","281",592,0,"592 (1e-04%)"
"cosmx_cancer","282",568,0,"568 (1e-04%)"
"cosmx_cancer","283",540,0,"540 (1e-04%)"
"cosmx_cancer","284",587,0,"587 (1e-04%)"
"cosmx_cancer","285",557,0,"557 (1e-04%)"
"cosmx_cancer","286",568,0,"568 (1e-04%)"
"cosmx_cancer","287",530,0,"530 (1e-04%)"
"cosmx_cancer","288",544,0,"544 (1e-04%)"
"cosmx_cancer","289",516,0,"516 (1e-04%)"
"cosmx_cancer","290",519,0,"519 (1e-04%)"
"cosmx_cancer","291",548,0,"548 (1e-04%)"
"cosmx_cancer","292",533,0,"533 (1e-04%)"
"cosmx_cancer","293",503,0,"503 (1e-04%)"
"cosmx_cancer","294",530,0,"530 (1e-04%)"
"cosmx_cancer","295",506,0,"506 (1e-04%)"
"cosmx_cancer","296",516,0,"516 (1e-04%)"
"cosmx_cancer","297",522,0,"522 (1e-04%)"
"cosmx_cancer","298",479,0,"479 (1e-04%)"
"cosmx_cancer","299",489,0,"489 (1e-04%)"
"cosmx_cancer","300",456,0,"456 (1e-04%)"
"cosmx_cancer","301",448,0,"448 (1e-04%)"
"cosmx_cancer","302",448,0,"448 (1e-04%)"
"cosmx_cancer","303",491,0,"491 (1e-04%)"
"cosmx_cancer","304",444,0,"444 (1e-04%)"
"cosmx_cancer","305",450,0,"450 (1e-04%)"
"cosmx_cancer","306",449,0,"449 (1e-04%)"
"cosmx_cancer","307",442,0,"442 (1e-04%)"
"cosmx_cancer","308",449,0,"449 (1e-04%)"
"cosmx_cancer","309",453,0,"453 (1e-04%)"
"cosmx_cancer","310",450,0,"450 (1e-04%)"
"cosmx_cancer","311",464,0,"464 (1e-04%)"
"cosmx_cancer","312",393,0,"393 (1e-04%)"
"cosmx_cancer","313",418,0,"418 (1e-04%)"
"cosmx_cancer","314",451,0,"451 (1e-04%)"
"cosmx_cancer","315",443,0,"443 (1e-04%)"
"cosmx_cancer","316",410,0,"410 (1e-04%)"
"cosmx_cancer","317",411,0,"411 (1e-04%)"
"cosmx_cancer","318",413,0,"413 (1e-04%)"
"cosmx_cancer","319",400,0,"400 (1e-04%)"
"cosmx_cancer","320",388,0,"388 (1e-04%)"
"cosmx_cancer","321",371,0,"371 (1e-04%)"
"cosmx_cancer","322",363,0,"363 (1e-04%)"
"cosmx_cancer","323",353,0,"353 (1e-04%)"
"cosmx_cancer","324",386,0,"386 (1e-04%)"
"cosmx_cancer","325",351,0,"351 (1e-04%)"
"cosmx_cancer","326",338,0,"338 (1e-04%)"
"cosmx_cancer","327",403,0,"403 (1e-04%)"
"cosmx_cancer","328",370,0,"370 (1e-04%)"
"cosmx_cancer","329",376,0,"376 (1e-04%)"
"cosmx_cancer","330",361,0,"361 (1e-04%)"
"cosmx_cancer","331",347,0,"347 (1e-04%)"
"cosmx_cancer","332",336,0,"336 (1e-04%)"
"cosmx_cancer","333",372,0,"372 (1e-04%)"
"cosmx_cancer","334",341,0,"341 (1e-04%)"
"cosmx_cancer","335",362,0,"362 (1e-04%)"
"cosmx_cancer","336",342,0,"342 (1e-04%)"
"cosmx_cancer","337",328,0,"328 (1e-04%)"
"cosmx_cancer","338",323,0,"323 (1e-04%)"
"cosmx_cancer","339",308,0,"308 (1e-04%)"
"cosmx_cancer","340",347,0,"347 (1e-04%)"
"cosmx_cancer","341",336,0,"336 (1e-04%)"
"cosmx_cancer","342",311,0,"311 (1e-04%)"
"cosmx_cancer","343",359,0,"359 (1e-04%)"
"cosmx_cancer","344",306,0,"306 (1e-04%)"
"cosmx_cancer","345",324,0,"324 (1e-04%)"
"cosmx_cancer","346",309,0,"309 (1e-04%)"
"cosmx_cancer","347",287,0,"287 (1e-04%)"
"cosmx_cancer","348",290,0,"290 (1e-04%)"
"cosmx_cancer","349",285,0,"285 (1e-04%)"
"cosmx_cancer","350",303,0,"303 (1e-04%)"
"cosmx_cancer","351",287,0,"287 (1e-04%)"
"cosmx_cancer","352",301,0,"301 (1e-04%)"
"cosmx_cancer","353",316,0,"316 (1e-04%)"
"cosmx_cancer","354",280,0,"280 (1e-04%)"
"cosmx_cancer","355",289,0,"289 (1e-04%)"
"cosmx_cancer","356",295,0,"295 (1e-04%)"
"cosmx_cancer","357",276,0,"276 (1e-04%)"
"cosmx_cancer","358",293,0,"293 (1e-04%)"
"cosmx_cancer","359",296,0,"296 (1e-04%)"
"cosmx_cancer","360",267,0,"267 (1e-04%)"
"cosmx_cancer","361",268,0,"268 (1e-04%)"
"cosmx_cancer","362",275,0,"275 (1e-04%)"
"cosmx_cancer","363",278,0,"278 (1e-04%)"
"cosmx_cancer","364",262,0,"262 (1e-04%)"
"cosmx_cancer","365",248,0,"248 (1e-04%)"
"cosmx_cancer","366",252,0,"252 (1e-04%)"
"cosmx_cancer","367",252,0,"252 (1e-04%)"
"cosmx_cancer","368",245,0,"245 (1e-04%)"
"cosmx_cancer","369",254,0,"254 (1e-04%)"
"cosmx_cancer","370",234,0,"234 (1e-04%)"
"cosmx_cancer","371",265,0,"265 (1e-04%)"
"cosmx_cancer","372",263,0,"263 (1e-04%)"
"cosmx_cancer","373",251,0,"251 (1e-04%)"
"cosmx_cancer","374",247,0,"247 (1e-04%)"
"cosmx_cancer","375",225,0,"225 (0%)"
"cosmx_cancer","376",229,0,"229 (0%)"
"cosmx_cancer","377",205,0,"205 (0%)"
"cosmx_cancer","378",225,0,"225 (0%)"
"cosmx_cancer","379",213,0,"213 (0%)"
"cosmx_cancer","380",231,0,"231 (1e-04%)"
"cosmx_cancer","381",229,0,"229 (0%)"
"cosmx_cancer","382",217,0,"217 (0%)"
"cosmx_cancer","383",219,0,"219 (0%)"
"cosmx_cancer","384",226,0,"226 (0%)"
"cosmx_cancer","385",219,0,"219 (0%)"
"cosmx_cancer","386",204,0,"204 (0%)"
"cosmx_cancer","387",234,0,"234 (1e-04%)"
"cosmx_cancer","388",219,0,"219 (0%)"
"cosmx_cancer","389",236,0,"236 (1e-04%)"
"cosmx_cancer","390",222,0,"222 (0%)"
"cosmx_cancer","391",229,0,"229 (0%)"
"cosmx_cancer","392",224,0,"224 (0%)"
"cosmx_cancer","393",209,0,"209 (0%)"
"cosmx_cancer","394",191,0,"191 (0%)"
"cosmx_cancer","395",209,0,"209 (0%)"
"cosmx_cancer","396",184,0,"184 (0%)"
"cosmx_cancer","397",178,0,"178 (0%)"
"cosmx_cancer","398",211,0,"211 (0%)"
"cosmx_cancer","399",191,0,"191 (0%)"
"cosmx_cancer","400",209,0,"209 (0%)"
"cosmx_cancer","401",186,0,"186 (0%)"
"cosmx_cancer","402",193,0,"193 (0%)"
"cosmx_cancer","403",184,0,"184 (0%)"
"cosmx_cancer","404",188,0,"188 (0%)"
"cosmx_cancer","405",203,0,"203 (0%)"
"cosmx_cancer","406",205,0,"205 (0%)"
"cosmx_cancer","407",205,0,"205 (0%)"
"cosmx_cancer","408",182,0,"182 (0%)"
"cosmx_cancer","409",195,0,"195 (0%)"
"cosmx_cancer","410",198,0,"198 (0%)"
"cosmx_cancer","411",167,0,"167 (0%)"
"cosmx_cancer","412",185,0,"185 (0%)"
"cosmx_cancer","413",163,0,"163 (0%)"
"cosmx_cancer","414",177,0,"177 (0%)"
"cosmx_cancer","415",175,0,"175 (0%)"
"cosmx_cancer","416",142,0,"142 (0%)"
"cosmx_cancer","417",168,0,"168 (0%)"
"cosmx_cancer","418",172,0,"172 (0%)"
"cosmx_cancer","419",171,0,"171 (0%)"
"cosmx_cancer","420",193,0,"193 (0%)"
"cosmx_cancer","421",179,0,"179 (0%)"
"cosmx_cancer","422",166,0,"166 (0%)"
"cosmx_cancer","423",157,0,"157 (0%)"
"cosmx_cancer","424",164,0,"164 (0%)"
"cosmx_cancer","425",177,0,"177 (0%)"
"cosmx_cancer","426",152,0,"152 (0%)"
"cosmx_cancer","427",130,0,"130 (0%)"
"cosmx_cancer","428",116,0,"116 (0%)"
"cosmx_cancer","429",173,0,"173 (0%)"
"cosmx_cancer","430",143,0,"143 (0%)"
"cosmx_cancer","431",139,0,"139 (0%)"
"cosmx_cancer","432",175,0,"175 (0%)"
"cosmx_cancer","433",148,0,"148 (0%)"
"cosmx_cancer","434",135,0,"135 (0%)"
"cosmx_cancer","435",133,0,"133 (0%)"
"cosmx_cancer","436",134,0,"134 (0%)"
"cosmx_cancer","437",136,0,"136 (0%)"
"cosmx_cancer","438",152,0,"152 (0%)"
"cosmx_cancer","439",143,0,"143 (0%)"
"cosmx_cancer","440",152,0,"152 (0%)"
"cosmx_cancer","441",136,0,"136 (0%)"
"cosmx_cancer","442",129,0,"129 (0%)"
"cosmx_cancer","443",136,0,"136 (0%)"
"cosmx_cancer","444",130,0,"130 (0%)"
"cosmx_cancer","445",181,0,"181 (0%)"
"cosmx_cancer","446",147,0,"147 (0%)"
"cosmx_cancer","447",116,0,"116 (0%)"
"cosmx_cancer","448",131,0,"131 (0%)"
"cosmx_cancer","449",121,0,"121 (0%)"
"cosmx_cancer","450",129,0,"129 (0%)"
"cosmx_cancer","451",130,0,"130 (0%)"
"cosmx_cancer","452",118,0,"118 (0%)"
"cosmx_cancer","453",117,0,"117 (0%)"
"cosmx_cancer","454",121,0,"121 (0%)"
"cosmx_cancer","455",113,0,"113 (0%)"
"cosmx_cancer","456",129,0,"129 (0%)"
"cosmx_cancer","457",137,0,"137 (0%)"
"cosmx_cancer","458",105,0,"105 (0%)"
"cosmx_cancer","459",109,0,"109 (0%)"
"cosmx_cancer","460",108,0,"108 (0%)"
"cosmx_cancer","461",119,0,"119 (0%)"
"cosmx_cancer","462",126,0,"126 (0%)"
"cosmx_cancer","463",121,0,"121 (0%)"
"cosmx_cancer","464",115,0,"115 (0%)"
"cosmx_cancer","465",129,0,"129 (0%)"
"cosmx_cancer","466",120,0,"120 (0%)"
"cosmx_cancer","467",109,0,"109 (0%)"
"cosmx_cancer","468",113,0,"113 (0%)"
"cosmx_cancer","469",115,0,"115 (0%)"
"cosmx_cancer","470",117,0,"117 (0%)"
"cosmx_cancer","471",103,0,"103 (0%)"
"cosmx_cancer","472",115,0,"115 (0%)"
"cosmx_cancer","473",91,0,"91 (0%)"
"cosmx_cancer","474",118,0,"118 (0%)"
"cosmx_cancer","475",113,0,"113 (0%)"
"cosmx_cancer","476",91,0,"91 (0%)"
"cosmx_cancer","477",102,0,"102 (0%)"
"cosmx_cancer","478",114,0,"114 (0%)"
"cosmx_cancer","479",113,0,"113 (0%)"
"cosmx_cancer","480",100,0,"100 (0%)"
"cosmx_cancer","481",105,0,"105 (0%)"
"cosmx_cancer","482",86,0,"86 (0%)"
"cosmx_cancer","483",110,0,"110 (0%)"
"cosmx_cancer","484",88,0,"88 (0%)"
"cosmx_cancer","485",82,0,"82 (0%)"
"cosmx_cancer","486",112,0,"112 (0%)"
"cosmx_cancer","487",108,0,"108 (0%)"
"cosmx_cancer","488",102,0,"102 (0%)"
"cosmx_cancer","489",106,0,"106 (0%)"
"cosmx_cancer","490",96,0,"96 (0%)"
"cosmx_cancer","491",107,0,"107 (0%)"
"cosmx_cancer","492",91,0,"91 (0%)"
"cosmx_cancer","493",87,0,"87 (0%)"
"cosmx_cancer","494",77,0,"77 (0%)"
"cosmx_cancer","495",79,0,"79 (0%)"
"cosmx_cancer","496",68,0,"68 (0%)"
"cosmx_cancer","497",76,0,"76 (0%)"
"cosmx_cancer","498",87,0,"87 (0%)"
"cosmx_cancer","499",101,0,"101 (0%)"
"cosmx_cancer","500",102,0,"102 (0%)"
"cosmx_cancer","501",100,0,"100 (0%)"
"cosmx_cancer","502",71,0,"71 (0%)"
"cosmx_cancer","503",87,0,"87 (0%)"
"cosmx_cancer","504",82,0,"82 (0%)"
"cosmx_cancer","505",83,0,"83 (0%)"
"cosmx_cancer","506",80,0,"80 (0%)"
"cosmx_cancer","507",92,0,"92 (0%)"
"cosmx_cancer","508",88,0,"88 (0%)"
"cosmx_cancer","509",72,0,"72 (0%)"
"cosmx_cancer","510",86,0,"86 (0%)"
"cosmx_cancer","511",101,0,"101 (0%)"
"cosmx_cancer","512",88,0,"88 (0%)"
"cosmx_cancer","513",90,0,"90 (0%)"
"cosmx_cancer","514",78,0,"78 (0%)"
"cosmx_cancer","515",61,0,"61 (0%)"
"cosmx_cancer","516",91,0,"91 (0%)"
"cosmx_cancer","517",74,0,"74 (0%)"
"cosmx_cancer","518",79,0,"79 (0%)"
"cosmx_cancer","519",81,0,"81 (0%)"
"cosmx_cancer","520",66,0,"66 (0%)"
"cosmx_cancer","521",73,0,"73 (0%)"
"cosmx_cancer","522",74,0,"74 (0%)"
"cosmx_cancer","523",70,0,"70 (0%)"
"cosmx_cancer","524",64,0,"64 (0%)"
"cosmx_cancer","525",69,0,"69 (0%)"
"cosmx_cancer","526",81,0,"81 (0%)"
"cosmx_cancer","527",77,0,"77 (0%)"
"cosmx_cancer","528",75,0,"75 (0%)"
"cosmx_cancer","529",83,0,"83 (0%)"
"cosmx_cancer","530",71,0,"71 (0%)"
"cosmx_cancer","531",74,0,"74 (0%)"
"cosmx_cancer","532",66,0,"66 (0%)"
"cosmx_cancer","533",78,0,"78 (0%)"
"cosmx_cancer","534",71,0,"71 (0%)"
"cosmx_cancer","535",73,0,"73 (0%)"
"cosmx_cancer","536",69,0,"69 (0%)"
"cosmx_cancer","537",67,0,"67 (0%)"
"cosmx_cancer","538",69,0,"69 (0%)"
"cosmx_cancer","539",74,0,"74 (0%)"
"cosmx_cancer","540",66,0,"66 (0%)"
"cosmx_cancer","541",72,0,"72 (0%)"
"cosmx_cancer","542",67,0,"67 (0%)"
"cosmx_cancer","543",78,0,"78 (0%)"
"cosmx_cancer","544",63,0,"63 (0%)"
"cosmx_cancer","545",59,0,"59 (0%)"
"cosmx_cancer","546",65,0,"65 (0%)"
"cosmx_cancer","547",49,0,"49 (0%)"
"cosmx_cancer","548",50,0,"50 (0%)"
"cosmx_cancer","549",71,0,"71 (0%)"
"cosmx_cancer","550",68,0,"68 (0%)"
"cosmx_cancer","551",58,0,"58 (0%)"
"cosmx_cancer","552",61,0,"61 (0%)"
"cosmx_cancer","553",65,0,"65 (0%)"
"cosmx_cancer","554",63,0,"63 (0%)"
"cosmx_cancer","555",78,0,"78 (0%)"
"cosmx_cancer","556",63,0,"63 (0%)"
"cosmx_cancer","557",53,0,"53 (0%)"
"cosmx_cancer","558",59,0,"59 (0%)"
"cosmx_cancer","559",62,0,"62 (0%)"
"cosmx_cancer","560",63,0,"63 (0%)"
"cosmx_cancer","561",68,0,"68 (0%)"
"cosmx_cancer","562",61,0,"61 (0%)"
"cosmx_cancer","563",63,0,"63 (0%)"
"cosmx_cancer","564",68,0,"68 (0%)"
"cosmx_cancer","565",46,0,"46 (0%)"
"cosmx_cancer","566",51,0,"51 (0%)"
"cosmx_cancer","567",64,0,"64 (0%)"
"cosmx_cancer","568",63,0,"63 (0%)"
"cosmx_cancer","569",45,0,"45 (0%)"
"cosmx_cancer","570",50,0,"50 (0%)"
"cosmx_cancer","571",61,0,"61 (0%)"
"cosmx_cancer","572",69,0,"69 (0%)"
"cosmx_cancer","573",43,0,"43 (0%)"
"cosmx_cancer","574",61,0,"61 (0%)"
"cosmx_cancer","575",57,0,"57 (0%)"
"cosmx_cancer","576",50,0,"50 (0%)"
"cosmx_cancer","577",51,0,"51 (0%)"
"cosmx_cancer","578",44,0,"44 (0%)"
"cosmx_cancer","579",38,0,"38 (0%)"
"cosmx_cancer","580",54,0,"54 (0%)"
"cosmx_cancer","581",56,0,"56 (0%)"
"cosmx_cancer","582",47,0,"47 (0%)"
"cosmx_cancer","583",51,0,"51 (0%)"
"cosmx_cancer","584",49,0,"49 (0%)"
"cosmx_cancer","585",48,0,"48 (0%)"
"cosmx_cancer","586",47,0,"47 (0%)"
"cosmx_cancer","587",40,0,"40 (0%)"
"cosmx_cancer","588",37,0,"37 (0%)"
"cosmx_cancer","589",52,0,"52 (0%)"
"cosmx_cancer","590",45,0,"45 (0%)"
"cosmx_cancer","591",41,0,"41 (0%)"
"cosmx_cancer","592",42,0,"42 (0%)"
"cosmx_cancer","593",58,0,"58 (0%)"
"cosmx_cancer","594",48,0,"48 (0%)"
"cosmx_cancer","595",51,0,"51 (0%)"
"cosmx_cancer","596",44,0,"44 (0%)"
"cosmx_cancer","597",41,0,"41 (0%)"
"cosmx_cancer","598",47,0,"47 (0%)"
"cosmx_cancer","599",40,0,"40 (0%)"
"cosmx_cancer","600",34,0,"34 (0%)"
"cosmx_cancer","601",42,0,"42 (0%)"
"cosmx_cancer","602",46,0,"46 (0%)"
"cosmx_cancer","603",44,0,"44 (0%)"
"cosmx_cancer","604",47,0,"47 (0%)"
"cosmx_cancer","605",35,0,"35 (0%)"
"cosmx_cancer","606",42,0,"42 (0%)"
"cosmx_cancer","607",32,0,"32 (0%)"
"cosmx_cancer","608",38,0,"38 (0%)"
"cosmx_cancer","609",41,0,"41 (0%)"
"cosmx_cancer","610",41,0,"41 (0%)"
"cosmx_cancer","611",47,0,"47 (0%)"
"cosmx_cancer","612",43,0,"43 (0%)"
"cosmx_cancer","613",47,0,"47 (0%)"
"cosmx_cancer","614",46,0,"46 (0%)"
"cosmx_cancer","615",36,0,"36 (0%)"
"cosmx_cancer","616",29,0,"29 (0%)"
"cosmx_cancer","617",35,0,"35 (0%)"
"cosmx_cancer","618",40,0,"40 (0%)"
"cosmx_cancer","619",45,0,"45 (0%)"
"cosmx_cancer","620",40,0,"40 (0%)"
"cosmx_cancer","621",34,0,"34 (0%)"
"cosmx_cancer","622",42,0,"42 (0%)"
"cosmx_cancer","623",38,0,"38 (0%)"
"cosmx_cancer","624",34,0,"34 (0%)"
"cosmx_cancer","625",41,0,"41 (0%)"
"cosmx_cancer","626",43,0,"43 (0%)"
"cosmx_cancer","627",41,0,"41 (0%)"
"cosmx_cancer","628",35,0,"35 (0%)"
"cosmx_cancer","629",34,0,"34 (0%)"
"cosmx_cancer","630",31,0,"31 (0%)"
"cosmx_cancer","631",31,0,"31 (0%)"
"cosmx_cancer","632",35,0,"35 (0%)"
"cosmx_cancer","633",35,0,"35 (0%)"
"cosmx_cancer","634",35,0,"35 (0%)"
"cosmx_cancer","635",32,0,"32 (0%)"
"cosmx_cancer","636",21,0,"21 (0%)"
"cosmx_cancer","637",23,0,"23 (0%)"
"cosmx_cancer","638",36,0,"36 (0%)"
"cosmx_cancer","639",29,0,"29 (0%)"
"cosmx_cancer","640",31,0,"31 (0%)"
"cosmx_cancer","641",36,0,"36 (0%)"
"cosmx_cancer","642",34,0,"34 (0%)"
"cosmx_cancer","643",32,0,"32 (0%)"
"cosmx_cancer","644",30,0,"30 (0%)"
"cosmx_cancer","645",26,0,"26 (0%)"
"cosmx_cancer","646",35,0,"35 (0%)"
"cosmx_cancer","647",43,0,"43 (0%)"
"cosmx_cancer","648",31,0,"31 (0%)"
"cosmx_cancer","649",27,0,"27 (0%)"
"cosmx_cancer","650",31,0,"31 (0%)"
"cosmx_cancer","651",37,0,"37 (0%)"
"cosmx_cancer","652",39,0,"39 (0%)"
"cosmx_cancer","653",26,0,"26 (0%)"
"cosmx_cancer","654",33,0,"33 (0%)"
"cosmx_cancer","655",32,0,"32 (0%)"
"cosmx_cancer","656",35,0,"35 (0%)"
"cosmx_cancer","657",33,0,"33 (0%)"
"cosmx_cancer","658",28,0,"28 (0%)"
"cosmx_cancer","659",36,0,"36 (0%)"
"cosmx_cancer","660",25,0,"25 (0%)"
"cosmx_cancer","661",34,0,"34 (0%)"
"cosmx_cancer","662",22,0,"22 (0%)"
"cosmx_cancer","663",36,0,"36 (0%)"
"cosmx_cancer","664",32,0,"32 (0%)"
"cosmx_cancer","665",28,0,"28 (0%)"
"cosmx_cancer","666",37,0,"37 (0%)"
"cosmx_cancer","667",37,0,"37 (0%)"
"cosmx_cancer","668",31,0,"31 (0%)"
"cosmx_cancer","669",33,0,"33 (0%)"
"cosmx_cancer","670",28,0,"28 (0%)"
"cosmx_cancer","671",23,0,"23 (0%)"
"cosmx_cancer","672",33,0,"33 (0%)"
"cosmx_cancer","673",21,0,"21 (0%)"
"cosmx_cancer","674",34,0,"34 (0%)"
"cosmx_cancer","675",34,0,"34 (0%)"
"cosmx_cancer","676",19,0,"19 (0%)"
"cosmx_cancer","677",23,0,"23 (0%)"
"cosmx_cancer","678",26,0,"26 (0%)"
"cosmx_cancer","679",25,0,"25 (0%)"
"cosmx_cancer","680",27,0,"27 (0%)"
"cosmx_cancer","681",26,0,"26 (0%)"
"cosmx_cancer","682",22,0,"22 (0%)"
"cosmx_cancer","683",30,0,"30 (0%)"
"cosmx_cancer","684",16,0,"16 (0%)"
"cosmx_cancer","685",34,0,"34 (0%)"
"cosmx_cancer","686",22,0,"22 (0%)"
"cosmx_cancer","687",22,0,"22 (0%)"
"cosmx_cancer","688",21,0,"21 (0%)"
"cosmx_cancer","689",15,0,"15 (0%)"
"cosmx_cancer","690",28,0,"28 (0%)"
"cosmx_cancer","691",25,0,"25 (0%)"
"cosmx_cancer","692",21,0,"21 (0%)"
"cosmx_cancer","693",23,0,"23 (0%)"
"cosmx_cancer","694",21,0,"21 (0%)"
"cosmx_cancer","695",32,0,"32 (0%)"
"cosmx_cancer","696",21,0,"21 (0%)"
"cosmx_cancer","697",24,0,"24 (0%)"
"cosmx_cancer","698",16,0,"16 (0%)"
"cosmx_cancer","699",19,0,"19 (0%)"
"cosmx_cancer","700",23,0,"23 (0%)"
"cosmx_cancer","701",18,0,"18 (0%)"
"cosmx_cancer","702",30,0,"30 (0%)"
"cosmx_cancer","703",21,0,"21 (0%)"
"cosmx_cancer","704",15,0,"15 (0%)"
"cosmx_cancer","705",26,0,"26 (0%)"
"cosmx_cancer","706",15,0,"15 (0%)"
"cosmx_cancer","707",22,0,"22 (0%)"
"cosmx_cancer","708",20,0,"20 (0%)"
"cosmx_cancer","709",23,0,"23 (0%)"
"cosmx_cancer","710",16,0,"16 (0%)"
"cosmx_cancer","711",26,0,"26 (0%)"
"cosmx_cancer","712",22,0,"22 (0%)"
"cosmx_cancer","713",16,0,"16 (0%)"
"cosmx_cancer","714",28,0,"28 (0%)"
"cosmx_cancer","715",24,0,"24 (0%)"
"cosmx_cancer","716",26,0,"26 (0%)"
"cosmx_cancer","717",25,0,"25 (0%)"
"cosmx_cancer","718",25,0,"25 (0%)"
"cosmx_cancer","719",19,0,"19 (0%)"
"cosmx_cancer","720",17,0,"17 (0%)"
"cosmx_cancer","721",12,0,"12 (0%)"
"cosmx_cancer","722",16,0,"16 (0%)"
"cosmx_cancer","723",17,0,"17 (0%)"
"cosmx_cancer","724",21,0,"21 (0%)"
"cosmx_cancer","725",18,0,"18 (0%)"
"cosmx_cancer","726",25,0,"25 (0%)"
"cosmx_cancer","727",21,0,"21 (0%)"
"cosmx_cancer","728",13,0,"13 (0%)"
"cosmx_cancer","729",16,0,"16 (0%)"
"cosmx_cancer","730",13,0,"13 (0%)"
"cosmx_cancer","731",15,0,"15 (0%)"
"cosmx_cancer","732",21,0,"21 (0%)"
"cosmx_cancer","733",15,0,"15 (0%)"
"cosmx_cancer","734",17,0,"17 (0%)"
"cosmx_cancer","735",16,0,"16 (0%)"
"cosmx_cancer","736",14,0,"14 (0%)"
"cosmx_cancer","737",16,0,"16 (0%)"
"cosmx_cancer","738",17,0,"17 (0%)"
"cosmx_cancer","739",20,0,"20 (0%)"
"cosmx_cancer","740",21,0,"21 (0%)"
"cosmx_cancer","741",16,0,"16 (0%)"
"cosmx_cancer","742",19,0,"19 (0%)"
"cosmx_cancer","743",16,0,"16 (0%)"
"cosmx_cancer","744",15,0,"15 (0%)"
"cosmx_cancer","745",19,0,"19 (0%)"
"cosmx_cancer","746",23,0,"23 (0%)"
"cosmx_cancer","747",22,0,"22 (0%)"
"cosmx_cancer","748",17,0,"17 (0%)"
"cosmx_cancer","749",17,0,"17 (0%)"
"cosmx_cancer","750",14,0,"14 (0%)"
"cosmx_cancer","751",16,0,"16 (0%)"
"cosmx_cancer","752",20,0,"20 (0%)"
"cosmx_cancer","753",19,0,"19 (0%)"
"cosmx_cancer","754",11,0,"11 (0%)"
"cosmx_cancer","755",15,0,"15 (0%)"
"cosmx_cancer","756",22,0,"22 (0%)"
"cosmx_cancer","757",10,0,"10 (0%)"
"cosmx_cancer","758",19,0,"19 (0%)"
"cosmx_cancer","759",19,0,"19 (0%)"
"cosmx_cancer","760",22,0,"22 (0%)"
"cosmx_cancer","761",9,0,"9 (0%)"
"cosmx_cancer","762",16,0,"16 (0%)"
"cosmx_cancer","763",11,0,"11 (0%)"
"cosmx_cancer","764",14,0,"14 (0%)"
"cosmx_cancer","765",19,0,"19 (0%)"
"cosmx_cancer","766",14,0,"14 (0%)"
"cosmx_cancer","767",20,0,"20 (0%)"
"cosmx_cancer","768",20,0,"20 (0%)"
"cosmx_cancer","769",15,0,"15 (0%)"
"cosmx_cancer","770",12,0,"12 (0%)"
"cosmx_cancer","771",14,0,"14 (0%)"
"cosmx_cancer","772",10,0,"10 (0%)"
"cosmx_cancer","773",12,0,"12 (0%)"
"cosmx_cancer","774",9,0,"9 (0%)"
"cosmx_cancer","775",18,0,"18 (0%)"
"cosmx_cancer","776",12,0,"12 (0%)"
"cosmx_cancer","777",14,0,"14 (0%)"
"cosmx_cancer","778",20,0,"20 (0%)"
"cosmx_cancer","779",12,0,"12 (0%)"
"cosmx_cancer","780",13,0,"13 (0%)"
"cosmx_cancer","781",16,0,"16 (0%)"
"cosmx_cancer","782",16,0,"16 (0%)"
"cosmx_cancer","783",14,0,"14 (0%)"
"cosmx_cancer","784",19,0,"19 (0%)"
"cosmx_cancer","785",14,0,"14 (0%)"
"cosmx_cancer","786",13,0,"13 (0%)"
"cosmx_cancer","787",7,0,"7 (0%)"
"cosmx_cancer","788",4,0,"4 (0%)"
"cosmx_cancer","789",10,0,"10 (0%)"
"cosmx_cancer","790",12,0,"12 (0%)"
"cosmx_cancer","791",16,0,"16 (0%)"
"cosmx_cancer","792",11,0,"11 (0%)"
"cosmx_cancer","793",7,0,"7 (0%)"
"cosmx_cancer","794",17,0,"17 (0%)"
"cosmx_cancer","795",8,0,"8 (0%)"
"cosmx_cancer","796",16,0,"16 (0%)"
"cosmx_cancer","797",18,0,"18 (0%)"
"cosmx_cancer","798",14,0,"14 (0%)"
"cosmx_cancer","799",13,0,"13 (0%)"
"cosmx_cancer","800",16,0,"16 (0%)"
"cosmx_cancer","801",11,0,"11 (0%)"
"cosmx_cancer","802",11,0,"11 (0%)"
"cosmx_cancer","803",7,0,"7 (0%)"
"cosmx_cancer","804",20,0,"20 (0%)"
"cosmx_cancer","805",11,0,"11 (0%)"
"cosmx_cancer","806",7,0,"7 (0%)"
"cosmx_cancer","807",14,0,"14 (0%)"
"cosmx_cancer","808",9,0,"9 (0%)"
"cosmx_cancer","809",15,0,"15 (0%)"
"cosmx_cancer","810",12,0,"12 (0%)"
"cosmx_cancer","811",7,0,"7 (0%)"
"cosmx_cancer","812",12,0,"12 (0%)"
"cosmx_cancer","813",10,0,"10 (0%)"
"cosmx_cancer","814",14,0,"14 (0%)"
"cosmx_cancer","815",7,0,"7 (0%)"
"cosmx_cancer","816",11,0,"11 (0%)"
"cosmx_cancer","817",16,0,"16 (0%)"
"cosmx_cancer","818",17,0,"17 (0%)"
"cosmx_cancer","819",11,0,"11 (0%)"
"cosmx_cancer","820",8,0,"8 (0%)"
"cosmx_cancer","821",13,0,"13 (0%)"
"cosmx_cancer","822",12,0,"12 (0%)"
"cosmx_cancer","823",12,0,"12 (0%)"
"cosmx_cancer","824",9,0,"9 (0%)"
"cosmx_cancer","825",16,0,"16 (0%)"
"cosmx_cancer","826",7,0,"7 (0%)"
"cosmx_cancer","827",11,0,"11 (0%)"
"cosmx_cancer","828",13,0,"13 (0%)"
"cosmx_cancer","829",10,0,"10 (0%)"
"cosmx_cancer","830",6,0,"6 (0%)"
"cosmx_cancer","831",9,0,"9 (0%)"
"cosmx_cancer","832",12,0,"12 (0%)"
"cosmx_cancer","833",15,0,"15 (0%)"
"cosmx_cancer","834",11,0,"11 (0%)"
"cosmx_cancer","835",12,0,"12 (0%)"
"cosmx_cancer","836",10,0,"10 (0%)"
"cosmx_cancer","837",12,0,"12 (0%)"
"cosmx_cancer","838",8,0,"8 (0%)"
"cosmx_cancer","839",11,0,"11 (0%)"
"cosmx_cancer","840",5,0,"5 (0%)"
"cosmx_cancer","841",6,0,"6 (0%)"
"cosmx_cancer","842",10,0,"10 (0%)"
"cosmx_cancer","843",9,0,"9 (0%)"
"cosmx_cancer","844",13,0,"13 (0%)"
"cosmx_cancer","845",11,0,"11 (0%)"
"cosmx_cancer","846",9,0,"9 (0%)"
"cosmx_cancer","847",9,0,"9 (0%)"
"cosmx_cancer","848",5,0,"5 (0%)"
"cosmx_cancer","849",12,0,"12 (0%)"
"cosmx_cancer","850",7,0,"7 (0%)"
"cosmx_cancer","851",7,0,"7 (0%)"
"cosmx_cancer","852",10,0,"10 (0%)"
"cosmx_cancer","853",16,0,"16 (0%)"
"cosmx_cancer","854",6,0,"6 (0%)"
"cosmx_cancer","855",3,0,"3 (0%)"
"cosmx_cancer","856",8,0,"8 (0%)"
"cosmx_cancer","857",8,0,"8 (0%)"
"cosmx_cancer","858",8,0,"8 (0%)"
"cosmx_cancer","859",10,0,"10 (0%)"
"cosmx_cancer","860",6,0,"6 (0%)"
"cosmx_cancer","861",17,0,"17 (0%)"
"cosmx_cancer","862",6,0,"6 (0%)"
"cosmx_cancer","863",9,0,"9 (0%)"
"cosmx_cancer","864",11,0,"11 (0%)"
"cosmx_cancer","865",12,0,"12 (0%)"
"cosmx_cancer","866",6,0,"6 (0%)"
"cosmx_cancer","867",14,0,"14 (0%)"
"cosmx_cancer","868",9,0,"9 (0%)"
"cosmx_cancer","869",6,0,"6 (0%)"
"cosmx_cancer","870",11,0,"11 (0%)"
"cosmx_cancer","871",7,0,"7 (0%)"
"cosmx_cancer","872",9,0,"9 (0%)"
"cosmx_cancer","873",7,0,"7 (0%)"
"cosmx_cancer","874",7,0,"7 (0%)"
"cosmx_cancer","875",17,0,"17 (0%)"
"cosmx_cancer","876",11,0,"11 (0%)"
"cosmx_cancer","877",7,0,"7 (0%)"
"cosmx_cancer","878",8,0,"8 (0%)"
"cosmx_cancer","879",10,0,"10 (0%)"
"cosmx_cancer","880",7,0,"7 (0%)"
"cosmx_cancer","881",12,0,"12 (0%)"
"cosmx_cancer","882",9,0,"9 (0%)"
"cosmx_cancer","883",6,0,"6 (0%)"
"cosmx_cancer","884",3,0,"3 (0%)"
"cosmx_cancer","885",8,0,"8 (0%)"
"cosmx_cancer","886",10,0,"10 (0%)"
"cosmx_cancer","887",9,0,"9 (0%)"
"cosmx_cancer","888",12,0,"12 (0%)"
"cosmx_cancer","889",7,0,"7 (0%)"
"cosmx_cancer","890",9,0,"9 (0%)"
"cosmx_cancer","891",9,0,"9 (0%)"
"cosmx_cancer","892",9,0,"9 (0%)"
"cosmx_cancer","893",8,0,"8 (0%)"
"cosmx_cancer","894",8,0,"8 (0%)"
"cosmx_cancer","895",10,0,"10 (0%)"
"cosmx_cancer","896",4,0,"4 (0%)"
"cosmx_cancer","897",9,0,"9 (0%)"
"cosmx_cancer","898",12,0,"12 (0%)"
"cosmx_cancer","899",9,0,"9 (0%)"
"cosmx_cancer","900",13,0,"13 (0%)"
"cosmx_cancer","901",10,0,"10 (0%)"
"cosmx_cancer","902",4,0,"4 (0%)"
"cosmx_cancer","903",5,0,"5 (0%)"
"cosmx_cancer","904",8,0,"8 (0%)"
"cosmx_cancer","905",10,0,"10 (0%)"
"cosmx_cancer","906",7,0,"7 (0%)"
"cosmx_cancer","907",10,0,"10 (0%)"
"cosmx_cancer","908",4,0,"4 (0%)"
"cosmx_cancer","909",10,0,"10 (0%)"
"cosmx_cancer","910",8,0,"8 (0%)"
"cosmx_cancer","911",10,0,"10 (0%)"
"cosmx_cancer","912",4,0,"4 (0%)"
"cosmx_cancer","913",14,0,"14 (0%)"
"cosmx_cancer","914",3,0,"3 (0%)"
"cosmx_cancer","915",7,0,"7 (0%)"
"cosmx_cancer","916",6,0,"6 (0%)"
"cosmx_cancer","917",5,0,"5 (0%)"
"cosmx_cancer","918",8,0,"8 (0%)"
"cosmx_cancer","919",1,0,"1 (0%)"
"cosmx_cancer","920",7,0,"7 (0%)"
"cosmx_cancer","921",5,0,"5 (0%)"
"cosmx_cancer","922",10,0,"10 (0%)"
"cosmx_cancer","923",9,0,"9 (0%)"
"cosmx_cancer","924",3,0,"3 (0%)"
"cosmx_cancer","925",5,0,"5 (0%)"
"cosmx_cancer","926",10,0,"10 (0%)"
"cosmx_cancer","927",5,0,"5 (0%)"
"cosmx_cancer","928",8,0,"8 (0%)"
"cosmx_cancer","929",5,0,"5 (0%)"
"cosmx_cancer","930",6,0,"6 (0%)"
"cosmx_cancer","931",7,0,"7 (0%)"
"cosmx_cancer","932",3,0,"3 (0%)"
"cosmx_cancer","933",5,0,"5 (0%)"
"cosmx_cancer","934",7,0,"7 (0%)"
"cosmx_cancer","935",10,0,"10 (0%)"
"cosmx_cancer","936",4,0,"4 (0%)"
"cosmx_cancer","937",8,0,"8 (0%)"
"cosmx_cancer","938",2,0,"2 (0%)"
"cosmx_cancer","939",8,0,"8 (0%)"
"cosmx_cancer","940",9,0,"9 (0%)"
"cosmx_cancer","941",1,0,"1 (0%)"
"cosmx_cancer","942",9,0,"9 (0%)"
"cosmx_cancer","943",6,0,"6 (0%)"
"cosmx_cancer","944",4,0,"4 (0%)"
"cosmx_cancer","945",5,0,"5 (0%)"
"cosmx_cancer","946",6,0,"6 (0%)"
"cosmx_cancer","947",4,0,"4 (0%)"
"cosmx_cancer","948",6,0,"6 (0%)"
"cosmx_cancer","949",10,0,"10 (0%)"
"cosmx_cancer","950",8,0,"8 (0%)"
"cosmx_cancer","951",7,0,"7 (0%)"
"cosmx_cancer","952",7,0,"7 (0%)"
"cosmx_cancer","953",6,0,"6 (0%)"
"cosmx_cancer","954",4,0,"4 (0%)"
"cosmx_cancer","955",7,0,"7 (0%)"
"cosmx_cancer","956",4,0,"4 (0%)"
"cosmx_cancer","957",5,0,"5 (0%)"
"cosmx_cancer","958",6,0,"6 (0%)"
"cosmx_cancer","959",4,0,"4 (0%)"
"cosmx_cancer","960",4,0,"4 (0%)"
"cosmx_cancer","961",2,0,"2 (0%)"
"cosmx_cancer","962",6,0,"6 (0%)"
"cosmx_cancer","963",7,0,"7 (0%)"
"cosmx_cancer","964",7,0,"7 (0%)"
"cosmx_cancer","965",5,0,"5 (0%)"
"cosmx_cancer","966",3,0,"3 (0%)"
"cosmx_cancer","967",8,0,"8 (0%)"
"cosmx_cancer","968",4,0,"4 (0%)"
"cosmx_cancer","969",7,0,"7 (0%)"
"cosmx_cancer","970",6,0,"6 (0%)"
"cosmx_cancer","971",8,0,"8 (0%)"
"cosmx_cancer","972",8,0,"8 (0%)"
"cosmx_cancer","973",2,0,"2 (0%)"
"cosmx_cancer","974",4,0,"4 (0%)"
"cosmx_cancer","975",5,0,"5 (0%)"
"cosmx_cancer","976",6,0,"6 (0%)"
"cosmx_cancer","977",6,0,"6 (0%)"
"cosmx_cancer","978",4,0,"4 (0%)"
"cosmx_cancer","979",5,0,"5 (0%)"
"cosmx_cancer","980",7,0,"7 (0%)"
"cosmx_cancer","981",4,0,"4 (0%)"
"cosmx_cancer","982",10,0,"10 (0%)"
"cosmx_cancer","983",6,0,"6 (0%)"
"cosmx_cancer","984",6,0,"6 (0%)"
"cosmx_cancer","985",5,0,"5 (0%)"
"cosmx_cancer","986",8,0,"8 (0%)"
"cosmx_cancer","987",3,0,"3 (0%)"
"cosmx_cancer","988",2,0,"2 (0%)"
"cosmx_cancer","989",3,0,"3 (0%)"
"cosmx_cancer","990",6,0,"6 (0%)"
"cosmx_cancer","991",8,0,"8 (0%)"
"cosmx_cancer","992",3,0,"3 (0%)"
"cosmx_cancer","993",1,0,"1 (0%)"
"cosmx_cancer","994",4,0,"4 (0%)"
"cosmx_cancer","995",2,0,"2 (0%)"
"cosmx_cancer","996",4,0,"4 (0%)"
"cosmx_cancer","997",3,0,"3 (0%)"
"cosmx_cancer","998",3,0,"3 (0%)"
"cosmx_cancer","999",8,0,"8 (0%)"
"cosmx_cancer","1000",3,0,"3 (0%)"
"cosmx_cancer","1001",2,0,"2 (0%)"
"cosmx_cancer","1002",5,0,"5 (0%)"
"cosmx_cancer","1003",3,0,"3 (0%)"
"cosmx_cancer","1004",2,0,"2 (0%)"
"cosmx_cancer","1005",6,0,"6 (0%)"
"cosmx_cancer","1006",6,0,"6 (0%)"
"cosmx_cancer","1007",3,0,"3 (0%)"
"cosmx_cancer","1008",2,0,"2 (0%)"
"cosmx_cancer","1009",2,0,"2 (0%)"
"cosmx_cancer","1010",5,0,"5 (0%)"
"cosmx_cancer","1011",3,0,"3 (0%)"
"cosmx_cancer","1012",6,0,"6 (0%)"
"cosmx_cancer","1013",1,0,"1 (0%)"
"cosmx_cancer","1014",5,0,"5 (0%)"
"cosmx_cancer","1015",3,0,"3 (0%)"
"cosmx_cancer","1016",2,0,"2 (0%)"
"cosmx_cancer","1017",3,0,"3 (0%)"
"cosmx_cancer","1018",5,0,"5 (0%)"
"cosmx_cancer","1019",8,0,"8 (0%)"
"cosmx_cancer","1020",2,0,"2 (0%)"
"cosmx_cancer","1021",1,0,"1 (0%)"
"cosmx_cancer","1022",4,0,"4 (0%)"
"cosmx_cancer","1023",4,0,"4 (0%)"
"cosmx_cancer","1024",3,0,"3 (0%)"
"cosmx_cancer","1025",6,0,"6 (0%)"
"cosmx_cancer","1026",6,0,"6 (0%)"
"cosmx_cancer","1027",1,0,"1 (0%)"
"cosmx_cancer","1028",9,0,"9 (0%)"
"cosmx_cancer","1029",5,0,"5 (0%)"
"cosmx_cancer","1030",5,0,"5 (0%)"
"cosmx_cancer","1031",2,0,"2 (0%)"
"cosmx_cancer","1032",2,0,"2 (0%)"
"cosmx_cancer","1033",5,0,"5 (0%)"
"cosmx_cancer","1034",3,0,"3 (0%)"
"cosmx_cancer","1035",1,0,"1 (0%)"
"cosmx_cancer","1036",5,0,"5 (0%)"
"cosmx_cancer","1037",4,0,"4 (0%)"
"cosmx_cancer","1038",1,0,"1 (0%)"
"cosmx_cancer","1039",7,0,"7 (0%)"
"cosmx_cancer","1040",7,0,"7 (0%)"
"cosmx_cancer","1041",2,0,"2 (0%)"
"cosmx_cancer","1042",3,0,"3 (0%)"
"cosmx_cancer","1043",3,0,"3 (0%)"
"cosmx_cancer","1044",4,0,"4 (0%)"
"cosmx_cancer","1045",3,0,"3 (0%)"
"cosmx_cancer","1046",9,0,"9 (0%)"
"cosmx_cancer","1047",2,0,"2 (0%)"
"cosmx_cancer","1048",1,0,"1 (0%)"
"cosmx_cancer","1049",3,0,"3 (0%)"
"cosmx_cancer","1050",3,0,"3 (0%)"
"cosmx_cancer","1051",1,0,"1 (0%)"
"cosmx_cancer","1052",3,0,"3 (0%)"
"cosmx_cancer","1053",4,0,"4 (0%)"
"cosmx_cancer","1054",5,0,"5 (0%)"
"cosmx_cancer","1055",5,0,"5 (0%)"
"cosmx_cancer","1056",2,0,"2 (0%)"
"cosmx_cancer","1057",3,0,"3 (0%)"
"cosmx_cancer","1058",4,0,"4 (0%)"
"cosmx_cancer","1059",2,0,"2 (0%)"
"cosmx_cancer","1060",2,0,"2 (0%)"
"cosmx_cancer","1062",4,0,"4 (0%)"
"cosmx_cancer","1063",5,0,"5 (0%)"
"cosmx_cancer","1064",3,0,"3 (0%)"
"cosmx_cancer","1065",5,0,"5 (0%)"
"cosmx_cancer","1066",2,0,"2 (0%)"
"cosmx_cancer","1067",3,0,"3 (0%)"
"cosmx_cancer","1068",3,0,"3 (0%)"
"cosmx_cancer","1069",5,0,"5 (0%)"
"cosmx_cancer","1070",4,0,"4 (0%)"
"cosmx_cancer","1071",3,0,"3 (0%)"
"cosmx_cancer","1072",5,0,"5 (0%)"
"cosmx_cancer","1073",1,0,"1 (0%)"
"cosmx_cancer","1074",3,0,"3 (0%)"
"cosmx_cancer","1075",1,0,"1 (0%)"
"cosmx_cancer","1076",2,0,"2 (0%)"
"cosmx_cancer","1077",2,0,"2 (0%)"
"cosmx_cancer","1078",1,0,"1 (0%)"
"cosmx_cancer","1079",3,0,"3 (0%)"
"cosmx_cancer","1080",4,0,"4 (0%)"
"cosmx_cancer","1081",3,0,"3 (0%)"
"cosmx_cancer","1082",3,0,"3 (0%)"
"cosmx_cancer","1083",1,0,"1 (0%)"
"cosmx_cancer","1084",5,0,"5 (0%)"
"cosmx_cancer","1085",2,0,"2 (0%)"
"cosmx_cancer","1086",2,0,"2 (0%)"
"cosmx_cancer","1087",5,0,"5 (0%)"
"cosmx_cancer","1088",2,0,"2 (0%)"
"cosmx_cancer","1089",4,0,"4 (0%)"
"cosmx_cancer","1090",6,0,"6 (0%)"
"cosmx_cancer","1091",1,0,"1 (0%)"
"cosmx_cancer","1092",4,0,"4 (0%)"
"cosmx_cancer","1093",4,0,"4 (0%)"
"cosmx_cancer","1094",3,0,"3 (0%)"
"cosmx_cancer","1095",6,0,"6 (0%)"
"cosmx_cancer","1096",2,0,"2 (0%)"
"cosmx_cancer","1097",5,0,"5 (0%)"
"cosmx_cancer","1098",4,0,"4 (0%)"
"cosmx_cancer","1099",6,0,"6 (0%)"
"cosmx_cancer","1100",3,0,"3 (0%)"
"cosmx_cancer","1101",2,0,"2 (0%)"
"cosmx_cancer","1102",3,0,"3 (0%)"
"cosmx_cancer","1103",3,0,"3 (0%)"
"cosmx_cancer","1104",3,0,"3 (0%)"
"cosmx_cancer","1105",3,0,"3 (0%)"
"cosmx_cancer","1106",3,0,"3 (0%)"
"cosmx_cancer","1107",3,0,"3 (0%)"
"cosmx_cancer","1108",3,0,"3 (0%)"
"cosmx_cancer","1109",3,0,"3 (0%)"
"cosmx_cancer","1110",1,0,"1 (0%)"
"cosmx_cancer","1111",2,0,"2 (0%)"
"cosmx_cancer","1112",1,0,"1 (0%)"
"cosmx_cancer","1113",1,0,"1 (0%)"
"cosmx_cancer","1114",1,0,"1 (0%)"
"cosmx_cancer","1115",2,0,"2 (0%)"
"cosmx_cancer","1116",5,0,"5 (0%)"
"cosmx_cancer","1117",3,0,"3 (0%)"
"cosmx_cancer","1118",1,0,"1 (0%)"
"cosmx_cancer","1119",1,0,"1 (0%)"
"cosmx_cancer","1120",4,0,"4 (0%)"
"cosmx_cancer","1121",3,0,"3 (0%)"
"cosmx_cancer","1122",1,0,"1 (0%)"
"cosmx_cancer","1123",2,0,"2 (0%)"
"cosmx_cancer","1125",6,0,"6 (0%)"
"cosmx_cancer","1126",1,0,"1 (0%)"
"cosmx_cancer","1127",3,0,"3 (0%)"
"cosmx_cancer","1128",2,0,"2 (0%)"
"cosmx_cancer","1130",5,0,"5 (0%)"
"cosmx_cancer","1131",4,0,"4 (0%)"
"cosmx_cancer","1133",2,0,"2 (0%)"
"cosmx_cancer","1134",2,0,"2 (0%)"
"cosmx_cancer","1135",2,0,"2 (0%)"
"cosmx_cancer","1136",1,0,"1 (0%)"
"cosmx_cancer","1137",1,0,"1 (0%)"
"cosmx_cancer","1138",3,0,"3 (0%)"
"cosmx_cancer","1139",5,0,"5 (0%)"
"cosmx_cancer","1140",5,0,"5 (0%)"
"cosmx_cancer","1141",3,0,"3 (0%)"
"cosmx_cancer","1142",3,0,"3 (0%)"
"cosmx_cancer","1143",1,0,"1 (0%)"
"cosmx_cancer","1144",2,0,"2 (0%)"
"cosmx_cancer","1145",1,0,"1 (0%)"
"cosmx_cancer","1146",1,0,"1 (0%)"
"cosmx_cancer","1148",1,0,"1 (0%)"
"cosmx_cancer","1149",1,0,"1 (0%)"
"cosmx_cancer","1150",1,0,"1 (0%)"
"cosmx_cancer","1151",3,0,"3 (0%)"
"cosmx_cancer","1153",3,0,"3 (0%)"
"cosmx_cancer","1154",2,0,"2 (0%)"
"cosmx_cancer","1155",4,0,"4 (0%)"
"cosmx_cancer","1156",3,0,"3 (0%)"
"cosmx_cancer","1158",3,0,"3 (0%)"
"cosmx_cancer","1159",1,0,"1 (0%)"
"cosmx_cancer","1160",3,0,"3 (0%)"
"cosmx_cancer","1161",1,0,"1 (0%)"
"cosmx_cancer","1162",2,0,"2 (0%)"
"cosmx_cancer","1163",3,0,"3 (0%)"
"cosmx_cancer","1164",2,0,"2 (0%)"
"cosmx_cancer","1165",2,0,"2 (0%)"
"cosmx_cancer","1166",2,0,"2 (0%)"
"cosmx_cancer","1167",1,0,"1 (0%)"
"cosmx_cancer","1168",3,0,"3 (0%)"
"cosmx_cancer","1169",6,0,"6 (0%)"
"cosmx_cancer","1170",3,0,"3 (0%)"
"cosmx_cancer","1173",2,0,"2 (0%)"
"cosmx_cancer","1174",1,0,"1 (0%)"
"cosmx_cancer","1175",2,0,"2 (0%)"
"cosmx_cancer","1176",1,0,"1 (0%)"
"cosmx_cancer","1177",1,0,"1 (0%)"
"cosmx_cancer","1178",2,0,"2 (0%)"
"cosmx_cancer","1179",1,0,"1 (0%)"
"cosmx_cancer","1180",3,0,"3 (0%)"
"cosmx_cancer","1181",2,0,"2 (0%)"
"cosmx_cancer","1182",1,0,"1 (0%)"
"cosmx_cancer","1183",1,0,"1 (0%)"
"cosmx_cancer","1184",2,0,"2 (0%)"
"cosmx_cancer","1185",2,0,"2 (0%)"
"cosmx_cancer","1186",2,0,"2 (0%)"
"cosmx_cancer","1187",2,0,"2 (0%)"
"cosmx_cancer","1188",5,0,"5 (0%)"
"cosmx_cancer","1189",1,0,"1 (0%)"
"cosmx_cancer","1190",6,0,"6 (0%)"
"cosmx_cancer","1191",1,0,"1 (0%)"
"cosmx_cancer","1192",2,0,"2 (0%)"
"cosmx_cancer","1194",3,0,"3 (0%)"
"cosmx_cancer","1195",1,0,"1 (0%)"
"cosmx_cancer","1196",2,0,"2 (0%)"
"cosmx_cancer","1197",1,0,"1 (0%)"
"cosmx_cancer","1198",1,0,"1 (0%)"
"cosmx_cancer","1199",2,0,"2 (0%)"
"cosmx_cancer","1200",1,0,"1 (0%)"
"cosmx_cancer","1201",1,0,"1 (0%)"
"cosmx_cancer","1202",1,0,"1 (0%)"
"cosmx_cancer","1203",2,0,"2 (0%)"
"cosmx_cancer","1204",1,0,"1 (0%)"
"cosmx_cancer","1205",1,0,"1 (0%)"
"cosmx_cancer","1206",1,0,"1 (0%)"
"cosmx_cancer","1208",1,0,"1 (0%)"
"cosmx_cancer","1211",1,0,"1 (0%)"
"cosmx_cancer","1212",3,0,"3 (0%)"
"cosmx_cancer","1213",1,0,"1 (0%)"
"cosmx_cancer","1217",2,0,"2 (0%)"
"cosmx_cancer","1218",1,0,"1 (0%)"
"cosmx_cancer","1220",4,0,"4 (0%)"
"cosmx_cancer","1222",4,0,"4 (0%)"
"cosmx_cancer","1223",1,0,"1 (0%)"
"cosmx_cancer","1224",4,0,"4 (0%)"
"cosmx_cancer","1226",2,0,"2 (0%)"
"cosmx_cancer","1227",3,0,"3 (0%)"
"cosmx_cancer","1228",1,0,"1 (0%)"
"cosmx_cancer","1229",4,0,"4 (0%)"
"cosmx_cancer","1232",2,0,"2 (0%)"
"cosmx_cancer","1234",2,0,"2 (0%)"
"cosmx_cancer","1235",1,0,"1 (0%)"
"cosmx_cancer","1236",2,0,"2 (0%)"
"cosmx_cancer","1237",1,0,"1 (0%)"
"cosmx_cancer","1238",1,0,"1 (0%)"
"cosmx_cancer","1239",3,0,"3 (0%)"
"cosmx_cancer","1240",3,0,"3 (0%)"
"cosmx_cancer","1241",2,0,"2 (0%)"
"cosmx_cancer","1242",3,0,"3 (0%)"
"cosmx_cancer","1244",2,0,"2 (0%)"
"cosmx_cancer","1245",1,0,"1 (0%)"
"cosmx_cancer","1246",1,0,"1 (0%)"
"cosmx_cancer","1247",3,0,"3 (0%)"
"cosmx_cancer","1249",1,0,"1 (0%)"
"cosmx_cancer","1250",2,0,"2 (0%)"
"cosmx_cancer","1251",2,0,"2 (0%)"
"cosmx_cancer","1253",3,0,"3 (0%)"
"cosmx_cancer","1254",2,0,"2 (0%)"
"cosmx_cancer","1255",1,0,"1 (0%)"
"cosmx_cancer","1257",2,0,"2 (0%)"
"cosmx_cancer","1258",2,0,"2 (0%)"
"cosmx_cancer","1259",3,0,"3 (0%)"
"cosmx_cancer","1260",2,0,"2 (0%)"
"cosmx_cancer","1261",1,0,"1 (0%)"
"cosmx_cancer","1262",1,0,"1 (0%)"
"cosmx_cancer","1263",1,0,"1 (0%)"
"cosmx_cancer","1264",2,0,"2 (0%)"
"cosmx_cancer","1265",1,0,"1 (0%)"
"cosmx_cancer","1266",1,0,"1 (0%)"
"cosmx_cancer","1268",2,0,"2 (0%)"
"cosmx_cancer","1270",1,0,"1 (0%)"
"cosmx_cancer","1275",2,0,"2 (0%)"
"cosmx_cancer","1276",1,0,"1 (0%)"
"cosmx_cancer","1277",1,0,"1 (0%)"
"cosmx_cancer","1278",2,0,"2 (0%)"
"cosmx_cancer","1279",2,0,"2 (0%)"
"cosmx_cancer","1281",4,0,"4 (0%)"
"cosmx_cancer","1283",1,0,"1 (0%)"
"cosmx_cancer","1284",1,0,"1 (0%)"
"cosmx_cancer","1285",1,0,"1 (0%)"
"cosmx_cancer","1286",1,0,"1 (0%)"
"cosmx_cancer","1288",2,0,"2 (0%)"
"cosmx_cancer","1289",3,0,"3 (0%)"
"cosmx_cancer","1290",2,0,"2 (0%)"
"cosmx_cancer","1291",2,0,"2 (0%)"
"cosmx_cancer","1294",1,0,"1 (0%)"
"cosmx_cancer","1295",1,0,"1 (0%)"
"cosmx_cancer","1296",1,0,"1 (0%)"
"cosmx_cancer","1297",2,0,"2 (0%)"
"cosmx_cancer","1298",2,0,"2 (0%)"
"cosmx_cancer","1301",1,0,"1 (0%)"
"cosmx_cancer","1302",1,0,"1 (0%)"
"cosmx_cancer","1303",1,0,"1 (0%)"
"cosmx_cancer","1308",3,0,"3 (0%)"
"cosmx_cancer","1310",5,0,"5 (0%)"
"cosmx_cancer","1312",3,0,"3 (0%)"
"cosmx_cancer","1314",3,0,"3 (0%)"
"cosmx_cancer","1315",1,0,"1 (0%)"
"cosmx_cancer","1317",3,0,"3 (0%)"
"cosmx_cancer","1318",2,0,"2 (0%)"
"cosmx_cancer","1319",2,0,"2 (0%)"
"cosmx_cancer","1320",1,0,"1 (0%)"
"cosmx_cancer","1321",2,0,"2 (0%)"
"cosmx_cancer","1322",1,0,"1 (0%)"
"cosmx_cancer","1324",2,0,"2 (0%)"
"cosmx_cancer","1326",2,0,"2 (0%)"
"cosmx_cancer","1327",1,0,"1 (0%)"
"cosmx_cancer","1329",3,0,"3 (0%)"
"cosmx_cancer","1331",1,0,"1 (0%)"
"cosmx_cancer","1332",1,0,"1 (0%)"
"cosmx_cancer","1335",1,0,"1 (0%)"
"cosmx_cancer","1337",1,0,"1 (0%)"
"cosmx_cancer","1338",1,0,"1 (0%)"
"cosmx_cancer","1341",1,0,"1 (0%)"
"cosmx_cancer","1342",1,0,"1 (0%)"
"cosmx_cancer","1344",2,0,"2 (0%)"
"cosmx_cancer","1346",1,0,"1 (0%)"
"cosmx_cancer","1347",1,0,"1 (0%)"
"cosmx_cancer","1348",1,0,"1 (0%)"
"cosmx_cancer","1349",1,0,"1 (0%)"
"cosmx_cancer","1352",1,0,"1 (0%)"
"cosmx_cancer","1353",2,0,"2 (0%)"
"cosmx_cancer","1356",2,0,"2 (0%)"
"cosmx_cancer","1357",3,0,"3 (0%)"
"cosmx_cancer","1360",1,0,"1 (0%)"
"cosmx_cancer","1362",2,0,"2 (0%)"
"cosmx_cancer","1364",1,0,"1 (0%)"
"cosmx_cancer","1366",1,0,"1 (0%)"
"cosmx_cancer","1367",1,0,"1 (0%)"
"cosmx_cancer","1368",3,0,"3 (0%)"
"cosmx_cancer","1369",2,0,"2 (0%)"
"cosmx_cancer","1371",2,0,"2 (0%)"
"cosmx_cancer","1372",1,0,"1 (0%)"
"cosmx_cancer","1373",1,0,"1 (0%)"
"cosmx_cancer","1374",1,0,"1 (0%)"
"cosmx_cancer","1375",2,0,"2 (0%)"
"cosmx_cancer","1378",2,0,"2 (0%)"
"cosmx_cancer","1379",1,0,"1 (0%)"
"cosmx_cancer","1382",1,0,"1 (0%)"
"cosmx_cancer","1383",1,0,"1 (0%)"
"cosmx_cancer","1386",2,0,"2 (0%)"
"cosmx_cancer","1387",1,0,"1 (0%)"
"cosmx_cancer","1390",1,0,"1 (0%)"
"cosmx_cancer","1391",2,0,"2 (0%)"
"cosmx_cancer","1393",2,0,"2 (0%)"
"cosmx_cancer","1395",2,0,"2 (0%)"
"cosmx_cancer","1396",2,0,"2 (0%)"
"cosmx_cancer","1398",1,0,"1 (0%)"
"cosmx_cancer","1405",1,0,"1 (0%)"
"cosmx_cancer","1406",1,0,"1 (0%)"
"cosmx_cancer","1411",2,0,"2 (0%)"
"cosmx_cancer","1415",1,0,"1 (0%)"
"cosmx_cancer","1422",1,0,"1 (0%)"
"cosmx_cancer","1424",1,0,"1 (0%)"
"cosmx_cancer","1429",1,0,"1 (0%)"
"cosmx_cancer","1431",1,0,"1 (0%)"
"cosmx_cancer","1432",1,0,"1 (0%)"
"cosmx_cancer","1434",2,0,"2 (0%)"
"cosmx_cancer","1435",2,0,"2 (0%)"
"cosmx_cancer","1436",1,0,"1 (0%)"
"cosmx_cancer","1437",1,0,"1 (0%)"
"cosmx_cancer","1440",2,0,"2 (0%)"
"cosmx_cancer","1443",3,0,"3 (0%)"
"cosmx_cancer","1445",2,0,"2 (0%)"
"cosmx_cancer","1449",2,0,"2 (0%)"
"cosmx_cancer","1456",1,0,"1 (0%)"
"cosmx_cancer","1460",1,0,"1 (0%)"
"cosmx_cancer","1462",1,0,"1 (0%)"
"cosmx_cancer","1463",1,0,"1 (0%)"
"cosmx_cancer","1464",1,0,"1 (0%)"
"cosmx_cancer","1466",1,0,"1 (0%)"
"cosmx_cancer","1467",3,0,"3 (0%)"
"cosmx_cancer","1468",1,0,"1 (0%)"
"cosmx_cancer","1470",1,0,"1 (0%)"
"cosmx_cancer","1471",1,0,"1 (0%)"
"cosmx_cancer","1475",3,0,"3 (0%)"
"cosmx_cancer","1476",1,0,"1 (0%)"
"cosmx_cancer","1478",3,0,"3 (0%)"
"cosmx_cancer","1480",1,0,"1 (0%)"
"cosmx_cancer","1485",4,0,"4 (0%)"
"cosmx_cancer","1486",1,0,"1 (0%)"
"cosmx_cancer","1487",1,0,"1 (0%)"
"cosmx_cancer","1488",1,0,"1 (0%)"
"cosmx_cancer","1491",1,0,"1 (0%)"
"cosmx_cancer","1496",2,0,"2 (0%)"
"cosmx_cancer","1500",1,0,"1 (0%)"
"cosmx_cancer","1503",1,0,"1 (0%)"
"cosmx_cancer","1504",1,0,"1 (0%)"
"cosmx_cancer","1505",1,0,"1 (0%)"
"cosmx_cancer","1507",2,0,"2 (0%)"
"cosmx_cancer","1511",1,0,"1 (0%)"
"cosmx_cancer","1512",1,0,"1 (0%)"
"cosmx_cancer","1514",1,0,"1 (0%)"
"cosmx_cancer","1518",1,0,"1 (0%)"
"cosmx_cancer","1522",1,0,"1 (0%)"
"cosmx_cancer","1533",1,0,"1 (0%)"
"cosmx_cancer","1534",1,0,"1 (0%)"
"cosmx_cancer","1536",1,0,"1 (0%)"
"cosmx_cancer","1541",1,0,"1 (0%)"
"cosmx_cancer","1542",1,0,"1 (0%)"
"cosmx_cancer","1543",2,0,"2 (0%)"
"cosmx_cancer","1544",1,0,"1 (0%)"
"cosmx_cancer","1547",1,0,"1 (0%)"
"cosmx_cancer","1550",1,0,"1 (0%)"
"cosmx_cancer","1551",1,0,"1 (0%)"
"cosmx_cancer","1556",1,0,"1 (0%)"
"cosmx_cancer","1562",1,0,"1 (0%)"
"cosmx_cancer","1568",1,0,"1 (0%)"
"cosmx_cancer","1574",1,0,"1 (0%)"
"cosmx_cancer","1578",1,0,"1 (0%)"
"cosmx_cancer","1580",1,0,"1 (0%)"
"cosmx_cancer","1582",1,0,"1 (0%)"
"cosmx_cancer","1584",1,0,"1 (0%)"
"cosmx_cancer","1587",1,0,"1 (0%)"
"cosmx_cancer","1589",1,0,"1 (0%)"
"cosmx_cancer","1598",3,0,"3 (0%)"
"cosmx_cancer","1599",2,0,"2 (0%)"
"cosmx_cancer","1601",1,0,"1 (0%)"
"cosmx_cancer","1605",2,0,"2 (0%)"
"cosmx_cancer","1607",1,0,"1 (0%)"
"cosmx_cancer","1608",1,0,"1 (0%)"
"cosmx_cancer","1613",1,0,"1 (0%)"
"cosmx_cancer","1614",1,0,"1 (0%)"
"cosmx_cancer","1618",1,0,"1 (0%)"
"cosmx_cancer","1620",2,0,"2 (0%)"
"cosmx_cancer","1622",1,0,"1 (0%)"
"cosmx_cancer","1624",1,0,"1 (0%)"
"cosmx_cancer","1628",1,0,"1 (0%)"
"cosmx_cancer","1630",2,0,"2 (0%)"
"cosmx_cancer","1631",1,0,"1 (0%)"
"cosmx_cancer","1632",1,0,"1 (0%)"
"cosmx_cancer","1633",1,0,"1 (0%)"
"cosmx_cancer","1634",1,0,"1 (0%)"
"cosmx_cancer","1636",1,0,"1 (0%)"
"cosmx_cancer","1637",1,0,"1 (0%)"
"cosmx_cancer","1641",1,0,"1 (0%)"
"cosmx_cancer","1643",1,0,"1 (0%)"
"cosmx_cancer","1647",1,0,"1 (0%)"
"cosmx_cancer","1657",1,0,"1 (0%)"
"cosmx_cancer","1660",2,0,"2 (0%)"
"cosmx_cancer","1665",1,0,"1 (0%)"
"cosmx_cancer","1669",1,0,"1 (0%)"
"cosmx_cancer","1677",1,0,"1 (0%)"
"cosmx_cancer","1681",1,0,"1 (0%)"
"cosmx_cancer","1684",1,0,"1 (0%)"
"cosmx_cancer","1685",1,0,"1 (0%)"
"cosmx_cancer","1690",1,0,"1 (0%)"
"cosmx_cancer","1700",2,0,"2 (0%)"
"cosmx_cancer","1703",2,0,"2 (0%)"
"cosmx_cancer","1705",2,0,"2 (0%)"
"cosmx_cancer","1708",1,0,"1 (0%)"
"cosmx_cancer","1717",1,0,"1 (0%)"
"cosmx_cancer","1724",2,0,"2 (0%)"
"cosmx_cancer","1734",1,0,"1 (0%)"
"cosmx_cancer","1738",1,0,"1 (0%)"
"cosmx_cancer","1739",1,0,"1 (0%)"
"cosmx_cancer","1750",1,0,"1 (0%)"
"cosmx_cancer","1752",1,0,"1 (0%)"
"cosmx_cancer","1758",1,0,"1 (0%)"
"cosmx_cancer","1766",1,0,"1 (0%)"
"cosmx_cancer","1768",1,0,"1 (0%)"
"cosmx_cancer","1774",3,0,"3 (0%)"
"cosmx_cancer","1782",1,0,"1 (0%)"
"cosmx_cancer","1792",1,0,"1 (0%)"
"cosmx_cancer","1793",1,0,"1 (0%)"
"cosmx_cancer","1794",1,0,"1 (0%)"
"cosmx_cancer","1798",1,0,"1 (0%)"
"cosmx_cancer","1813",1,0,"1 (0%)"
"cosmx_cancer","1819",1,0,"1 (0%)"
"cosmx_cancer","1846",1,0,"1 (0%)"
"cosmx_cancer","1849",1,0,"1 (0%)"
"cosmx_cancer","1859",1,0,"1 (0%)"
"cosmx_cancer","1865",1,0,"1 (0%)"
"cosmx_cancer","1877",1,0,"1 (0%)"
"cosmx_cancer","1893",1,0,"1 (0%)"
"cosmx_cancer","1910",1,0,"1 (0%)"
"cosmx_cancer","1923",1,0,"1 (0%)"
"cosmx_cancer","1937",1,0,"1 (0%)"
"cosmx_cancer","1942",1,0,"1 (0%)"
"cosmx_cancer","1955",2,0,"2 (0%)"
"cosmx_cancer","1963",1,0,"1 (0%)"
"cosmx_cancer","1979",1,0,"1 (0%)"
"cosmx_cancer","1984",1,0,"1 (0%)"
"cosmx_cancer","1987",1,0,"1 (0%)"
"cosmx_cancer","2022",1,0,"1 (0%)"
"cosmx_cancer","2028",1,0,"1 (0%)"
"cosmx_cancer","2032",1,0,"1 (0%)"
"cosmx_cancer","2042",1,0,"1 (0%)"
"cosmx_cancer","2051",1,0,"1 (0%)"
"cosmx_cancer","2061",1,0,"1 (0%)"
"cosmx_cancer","2072",1,0,"1 (0%)"
"cosmx_cancer","2076",1,0,"1 (0%)"
"cosmx_cancer","2101",1,0,"1 (0%)"
"cosmx_cancer","2107",1,0,"1 (0%)"
"cosmx_cancer","2110",1,0,"1 (0%)"
"cosmx_cancer","2129",1,0,"1 (0%)"
"cosmx_cancer","2136",1,0,"1 (0%)"
"cosmx_cancer","2175",1,0,"1 (0%)"
"cosmx_cancer","2186",1,0,"1 (0%)"
"cosmx_cancer","2254",1,0,"1 (0%)"
"cosmx_cancer","2280",1,0,"1 (0%)"
"cosmx_cancer","2325",1,0,"1 (0%)"
"cosmx_cancer","2442",1,0,"1 (0%)"
"cosmx_cancer","2564",1,0,"1 (0%)"
"cosmx_cancer","2654",1,0,"1 (0%)"
"cosmx_cancer","2690",1,0,"1 (0%)"
"cosmx_cancer","2693",1,0,"1 (0%)"
"cosmx_cancer","2708",1,0,"1 (0%)"
"cosmx_cancer","2732",1,0,"1 (0%)"
"cosmx_cancer","2784",1,0,"1 (0%)"
"cosmx_cancer","3118",1,0,"1 (0%)"
"xenium_lung","0",174754950,0.8397,"174,754,950 (83.9724%)"
"xenium_lung","1",20015004,0.0962,"20,015,004 (9.6175%)"
"xenium_lung","2",6627131,0.0318,"6,627,131 (3.1844%)"
"xenium_lung","3",2851843,0.0137,"2,851,843 (1.3704%)"
"xenium_lung","4",1430169,0.0069,"1,430,169 (0.6872%)"
"xenium_lung","5",799294,0.0038,"799,294 (0.3841%)"
"xenium_lung","6",483343,0.0023,"483,343 (0.2323%)"
"xenium_lung","7",310345,0.0015,"310,345 (0.1491%)"
"xenium_lung","8",210284,0.001,"210,284 (0.101%)"
"xenium_lung","9",147381,7e-04,"147,381 (0.0708%)"
"xenium_lung","10",105930,5e-04,"105,930 (0.0509%)"
"xenium_lung","11",79049,4e-04,"79,049 (0.038%)"
"xenium_lung","12",59299,3e-04,"59,299 (0.0285%)"
"xenium_lung","13",45644,2e-04,"45,644 (0.0219%)"
"xenium_lung","14",35096,2e-04,"35,096 (0.0169%)"
"xenium_lung","15",28242,1e-04,"28,242 (0.0136%)"
"xenium_lung","16",22447,1e-04,"22,447 (0.0108%)"
"xenium_lung","17",17859,1e-04,"17,859 (0.0086%)"
"xenium_lung","18",14219,1e-04,"14,219 (0.0068%)"
"xenium_lung","19",11563,1e-04,"11,563 (0.0056%)"
"xenium_lung","20",9661,0,"9,661 (0.0046%)"
"xenium_lung","21",7828,0,"7,828 (0.0038%)"
"xenium_lung","22",6644,0,"6,644 (0.0032%)"
"xenium_lung","23",5600,0,"5,600 (0.0027%)"
"xenium_lung","24",4473,0,"4,473 (0.0021%)"
"xenium_lung","25",3886,0,"3,886 (0.0019%)"
"xenium_lung","26",3209,0,"3,209 (0.0015%)"
"xenium_lung","27",2660,0,"2,660 (0.0013%)"
"xenium_lung","28",2334,0,"2,334 (0.0011%)"
"xenium_lung","29",2063,0,"2,063 (0.001%)"
"xenium_lung","30",1633,0,"1,633 (8e-04%)"
"xenium_lung","31",1455,0,"1,455 (7e-04%)"
"xenium_lung","32",1173,0,"1,173 (6e-04%)"
"xenium_lung","33",1084,0,"1,084 (5e-04%)"
"xenium_lung","34",894,0,"894 (4e-04%)"
"xenium_lung","35",792,0,"792 (4e-04%)"
"xenium_lung","36",683,0,"683 (3e-04%)"
"xenium_lung","37",581,0,"581 (3e-04%)"
"xenium_lung","38",478,0,"478 (2e-04%)"
"xenium_lung","39",440,0,"440 (2e-04%)"
"xenium_lung","40",410,0,"410 (2e-04%)"
"xenium_lung","41",343,0,"343 (2e-04%)"
"xenium_lung","42",323,0,"323 (2e-04%)"
"xenium_lung","43",252,0,"252 (1e-04%)"
"xenium_lung","44",239,0,"239 (1e-04%)"
"xenium_lung","45",214,0,"214 (1e-04%)"
"xenium_lung","46",175,0,"175 (1e-04%)"
"xenium_lung","47",162,0,"162 (1e-04%)"
"xenium_lung","48",132,0,"132 (1e-04%)"
"xenium_lung","49",123,0,"123 (1e-04%)"
"xenium_lung","50",102,0,"102 (0%)"
"xenium_lung","51",96,0,"96 (0%)"
"xenium_lung","52",79,0,"79 (0%)"
"xenium_lung","53",74,0,"74 (0%)"
"xenium_lung","54",58,0,"58 (0%)"
"xenium_lung","55",65,0,"65 (0%)"
"xenium_lung","56",41,0,"41 (0%)"
"xenium_lung","57",51,0,"51 (0%)"
"xenium_lung","58",42,0,"42 (0%)"
"xenium_lung","59",43,0,"43 (0%)"
"xenium_lung","60",35,0,"35 (0%)"
"xenium_lung","61",44,0,"44 (0%)"
"xenium_lung","62",24,0,"24 (0%)"
"xenium_lung","63",25,0,"25 (0%)"
"xenium_lung","64",28,0,"28 (0%)"
"xenium_lung","65",17,0,"17 (0%)"
"xenium_lung","66",15,0,"15 (0%)"
"xenium_lung","67",13,0,"13 (0%)"
"xenium_lung","68",10,0,"10 (0%)"
"xenium_lung","69",16,0,"16 (0%)"
"xenium_lung","70",14,0,"14 (0%)"
"xenium_lung","71",9,0,"9 (0%)"
"xenium_lung","72",10,0,"10 (0%)"
"xenium_lung","73",6,0,"6 (0%)"
"xenium_lung","74",10,0,"10 (0%)"
"xenium_lung","75",7,0,"7 (0%)"
"xenium_lung","76",10,0,"10 (0%)"
"xenium_lung","77",8,0,"8 (0%)"
"xenium_lung","78",5,0,"5 (0%)"
"xenium_lung","79",5,0,"5 (0%)"
"xenium_lung","80",3,0,"3 (0%)"
"xenium_lung","81",2,0,"2 (0%)"
"xenium_lung","82",8,0,"8 (0%)"
"xenium_lung","83",5,0,"5 (0%)"
"xenium_lung","84",4,0,"4 (0%)"
"xenium_lung","85",5,0,"5 (0%)"
"xenium_lung","86",4,0,"4 (0%)"
"xenium_lung","88",2,0,"2 (0%)"
"xenium_lung","89",3,0,"3 (0%)"
"xenium_lung","90",2,0,"2 (0%)"
"xenium_lung","93",1,0,"1 (0%)"
"xenium_lung","94",1,0,"1 (0%)"
"xenium_lung","96",1,0,"1 (0%)"
"xenium_lung","97",1,0,"1 (0%)"
"xenium_lung","98",1,0,"1 (0%)"
"xenium_lung","99",1,0,"1 (0%)"
"xenium_lung","100",1,0,"1 (0%)"
"xenium_lung","104",1,0,"1 (0%)"
"xenium_lung","105",3,0,"3 (0%)"
"xenium_lung","107",2,0,"2 (0%)"
"xenium_lung","108",2,0,"2 (0%)"
"xenium_lung","109",1,0,"1 (0%)"
"xenium_lung","116",1,0,"1 (0%)"
"xenium_lung","121",1,0,"1 (0%)"
"xenium_lung","133",2,0,"2 (0%)"
"xenium_mbrain_sp1","0",27010774,0.6722,"27,010,774 (67.2174%)"
"xenium_mbrain_sp1","1",5745391,0.143,"5,745,391 (14.2976%)"
"xenium_mbrain_sp1","2",2423336,0.0603,"2,423,336 (6.0306%)"
"xenium_mbrain_sp1","3",1340446,0.0334,"1,340,446 (3.3358%)"
"xenium_mbrain_sp1","4",847117,0.0211,"847,117 (2.1081%)"
"xenium_mbrain_sp1","5",579712,0.0144,"579,712 (1.4426%)"
"xenium_mbrain_sp1","6",418183,0.0104,"418,183 (1.0407%)"
"xenium_mbrain_sp1","7",314726,0.0078,"314,726 (0.7832%)"
"xenium_mbrain_sp1","8",242496,0.006,"242,496 (0.6035%)"
"xenium_mbrain_sp1","9",191642,0.0048,"191,642 (0.4769%)"
"xenium_mbrain_sp1","10",154970,0.0039,"154,970 (0.3856%)"
"xenium_mbrain_sp1","11",125860,0.0031,"125,860 (0.3132%)"
"xenium_mbrain_sp1","12",103607,0.0026,"103,607 (0.2578%)"
"xenium_mbrain_sp1","13",86840,0.0022,"86,840 (0.2161%)"
"xenium_mbrain_sp1","14",73378,0.0018,"73,378 (0.1826%)"
"xenium_mbrain_sp1","15",62111,0.0015,"62,111 (0.1546%)"
"xenium_mbrain_sp1","16",53466,0.0013,"53,466 (0.1331%)"
"xenium_mbrain_sp1","17",45581,0.0011,"45,581 (0.1134%)"
"xenium_mbrain_sp1","18",39859,0.001,"39,859 (0.0992%)"
"xenium_mbrain_sp1","19",34773,9e-04,"34,773 (0.0865%)"
"xenium_mbrain_sp1","20",30171,8e-04,"30,171 (0.0751%)"
"xenium_mbrain_sp1","21",26356,7e-04,"26,356 (0.0656%)"
"xenium_mbrain_sp1","22",22931,6e-04,"22,931 (0.0571%)"
"xenium_mbrain_sp1","23",20704,5e-04,"20,704 (0.0515%)"
"xenium_mbrain_sp1","24",18521,5e-04,"18,521 (0.0461%)"
"xenium_mbrain_sp1","25",16370,4e-04,"16,370 (0.0407%)"
"xenium_mbrain_sp1","26",14474,4e-04,"14,474 (0.036%)"
"xenium_mbrain_sp1","27",13208,3e-04,"13,208 (0.0329%)"
"xenium_mbrain_sp1","28",11768,3e-04,"11,768 (0.0293%)"
"xenium_mbrain_sp1","29",10332,3e-04,"10,332 (0.0257%)"
"xenium_mbrain_sp1","30",9534,2e-04,"9,534 (0.0237%)"
"xenium_mbrain_sp1","31",8513,2e-04,"8,513 (0.0212%)"
"xenium_mbrain_sp1","32",7675,2e-04,"7,675 (0.0191%)"
"xenium_mbrain_sp1","33",7026,2e-04,"7,026 (0.0175%)"
"xenium_mbrain_sp1","34",6378,2e-04,"6,378 (0.0159%)"
"xenium_mbrain_sp1","35",5818,1e-04,"5,818 (0.0145%)"
"xenium_mbrain_sp1","36",5278,1e-04,"5,278 (0.0131%)"
"xenium_mbrain_sp1","37",4705,1e-04,"4,705 (0.0117%)"
"xenium_mbrain_sp1","38",4253,1e-04,"4,253 (0.0106%)"
"xenium_mbrain_sp1","39",3820,1e-04,"3,820 (0.0095%)"
"xenium_mbrain_sp1","40",3612,1e-04,"3,612 (0.009%)"
"xenium_mbrain_sp1","41",3249,1e-04,"3,249 (0.0081%)"
"xenium_mbrain_sp1","42",2907,1e-04,"2,907 (0.0072%)"
"xenium_mbrain_sp1","43",2845,1e-04,"2,845 (0.0071%)"
"xenium_mbrain_sp1","44",2463,1e-04,"2,463 (0.0061%)"
"xenium_mbrain_sp1","45",2291,1e-04,"2,291 (0.0057%)"
"xenium_mbrain_sp1","46",2074,1e-04,"2,074 (0.0052%)"
"xenium_mbrain_sp1","47",1889,0,"1,889 (0.0047%)"
"xenium_mbrain_sp1","48",1666,0,"1,666 (0.0041%)"
"xenium_mbrain_sp1","49",1633,0,"1,633 (0.0041%)"
"xenium_mbrain_sp1","50",1417,0,"1,417 (0.0035%)"
"xenium_mbrain_sp1","51",1292,0,"1,292 (0.0032%)"
"xenium_mbrain_sp1","52",1205,0,"1,205 (0.003%)"
"xenium_mbrain_sp1","53",1071,0,"1,071 (0.0027%)"
"xenium_mbrain_sp1","54",1022,0,"1,022 (0.0025%)"
"xenium_mbrain_sp1","55",952,0,"952 (0.0024%)"
"xenium_mbrain_sp1","56",864,0,"864 (0.0022%)"
"xenium_mbrain_sp1","57",762,0,"762 (0.0019%)"
"xenium_mbrain_sp1","58",687,0,"687 (0.0017%)"
"xenium_mbrain_sp1","59",640,0,"640 (0.0016%)"
"xenium_mbrain_sp1","60",571,0,"571 (0.0014%)"
"xenium_mbrain_sp1","61",534,0,"534 (0.0013%)"
"xenium_mbrain_sp1","62",495,0,"495 (0.0012%)"
"xenium_mbrain_sp1","63",483,0,"483 (0.0012%)"
"xenium_mbrain_sp1","64",422,0,"422 (0.0011%)"
"xenium_mbrain_sp1","65",398,0,"398 (0.001%)"
"xenium_mbrain_sp1","66",354,0,"354 (9e-04%)"
"xenium_mbrain_sp1","67",340,0,"340 (8e-04%)"
"xenium_mbrain_sp1","68",309,0,"309 (8e-04%)"
"xenium_mbrain_sp1","69",291,0,"291 (7e-04%)"
"xenium_mbrain_sp1","70",243,0,"243 (6e-04%)"
"xenium_mbrain_sp1","71",216,0,"216 (5e-04%)"
"xenium_mbrain_sp1","72",217,0,"217 (5e-04%)"
"xenium_mbrain_sp1","73",202,0,"202 (5e-04%)"
"xenium_mbrain_sp1","74",163,0,"163 (4e-04%)"
"xenium_mbrain_sp1","75",158,0,"158 (4e-04%)"
"xenium_mbrain_sp1","76",157,0,"157 (4e-04%)"
"xenium_mbrain_sp1","77",140,0,"140 (3e-04%)"
"xenium_mbrain_sp1","78",131,0,"131 (3e-04%)"
"xenium_mbrain_sp1","79",124,0,"124 (3e-04%)"
"xenium_mbrain_sp1","80",107,0,"107 (3e-04%)"
"xenium_mbrain_sp1","81",114,0,"114 (3e-04%)"
"xenium_mbrain_sp1","82",97,0,"97 (2e-04%)"
"xenium_mbrain_sp1","83",91,0,"91 (2e-04%)"
"xenium_mbrain_sp1","84",71,0,"71 (2e-04%)"
"xenium_mbrain_sp1","85",75,0,"75 (2e-04%)"
"xenium_mbrain_sp1","86",73,0,"73 (2e-04%)"
"xenium_mbrain_sp1","87",61,0,"61 (2e-04%)"
"xenium_mbrain_sp1","88",63,0,"63 (2e-04%)"
"xenium_mbrain_sp1","89",59,0,"59 (1e-04%)"
"xenium_mbrain_sp1","90",57,0,"57 (1e-04%)"
"xenium_mbrain_sp1","91",51,0,"51 (1e-04%)"
"xenium_mbrain_sp1","92",43,0,"43 (1e-04%)"
"xenium_mbrain_sp1","93",34,0,"34 (1e-04%)"
"xenium_mbrain_sp1","94",44,0,"44 (1e-04%)"
"xenium_mbrain_sp1","95",34,0,"34 (1e-04%)"
"xenium_mbrain_sp1","96",36,0,"36 (1e-04%)"
"xenium_mbrain_sp1","97",37,0,"37 (1e-04%)"
"xenium_mbrain_sp1","98",28,0,"28 (1e-04%)"
"xenium_mbrain_sp1","99",26,0,"26 (1e-04%)"
"xenium_mbrain_sp1","100",27,0,"27 (1e-04%)"
"xenium_mbrain_sp1","101",18,0,"18 (0%)"
"xenium_mbrain_sp1","102",29,0,"29 (1e-04%)"
"xenium_mbrain_sp1","103",21,0,"21 (1e-04%)"
"xenium_mbrain_sp1","104",23,0,"23 (1e-04%)"
"xenium_mbrain_sp1","105",20,0,"20 (0%)"
"xenium_mbrain_sp1","106",18,0,"18 (0%)"
"xenium_mbrain_sp1","107",16,0,"16 (0%)"
"xenium_mbrain_sp1","108",14,0,"14 (0%)"
"xenium_mbrain_sp1","109",20,0,"20 (0%)"
"xenium_mbrain_sp1","110",11,0,"11 (0%)"
"xenium_mbrain_sp1","111",10,0,"10 (0%)"
"xenium_mbrain_sp1","112",8,0,"8 (0%)"
"xenium_mbrain_sp1","113",11,0,"11 (0%)"
"xenium_mbrain_sp1","114",10,0,"10 (0%)"
"xenium_mbrain_sp1","115",8,0,"8 (0%)"
"xenium_mbrain_sp1","116",7,0,"7 (0%)"
"xenium_mbrain_sp1","117",9,0,"9 (0%)"
"xenium_mbrain_sp1","118",14,0,"14 (0%)"
"xenium_mbrain_sp1","119",10,0,"10 (0%)"
"xenium_mbrain_sp1","120",8,0,"8 (0%)"
"xenium_mbrain_sp1","121",6,0,"6 (0%)"
"xenium_mbrain_sp1","122",6,0,"6 (0%)"
"xenium_mbrain_sp1","123",6,0,"6 (0%)"
"xenium_mbrain_sp1","124",3,0,"3 (0%)"
"xenium_mbrain_sp1","125",6,0,"6 (0%)"
"xenium_mbrain_sp1","126",3,0,"3 (0%)"
"xenium_mbrain_sp1","127",4,0,"4 (0%)"
"xenium_mbrain_sp1","128",4,0,"4 (0%)"
"xenium_mbrain_sp1","129",3,0,"3 (0%)"
"xenium_mbrain_sp1","130",6,0,"6 (0%)"
"xenium_mbrain_sp1","131",1,0,"1 (0%)"
"xenium_mbrain_sp1","133",2,0,"2 (0%)"
"xenium_mbrain_sp1","134",4,0,"4 (0%)"
"xenium_mbrain_sp1","135",2,0,"2 (0%)"
"xenium_mbrain_sp1","136",2,0,"2 (0%)"
"xenium_mbrain_sp1","138",2,0,"2 (0%)"
"xenium_mbrain_sp1","139",1,0,"1 (0%)"
"xenium_mbrain_sp1","140",1,0,"1 (0%)"
"xenium_mbrain_sp1","141",1,0,"1 (0%)"
"xenium_mbrain_sp1","142",1,0,"1 (0%)"
"xenium_mbrain_sp1","143",1,0,"1 (0%)"
"xenium_mbrain_sp1","144",2,0,"2 (0%)"
"xenium_mbrain_sp1","146",1,0,"1 (0%)"
"xenium_mbrain_sp1","147",2,0,"2 (0%)"
"xenium_mbrain_sp1","148",1,0,"1 (0%)"
"xenium_mbrain_sp1","151",1,0,"1 (0%)"
"xenium_mbrain_sp1","153",1,0,"1 (0%)"
"xenium_mbrain_sp1","161",1,0,"1 (0%)"
"xenium_mbrain_sp1","162",2,0,"2 (0%)"
"xenium_mbrain_sp1","164",1,0,"1 (0%)"
"xenium_mbrain_sp1","165",1,0,"1 (0%)"
"xenium_mbrain_sp1","166",1,0,"1 (0%)"
"xenium_mbrain_sp2","0",26033958,0.6788,"26,033,958 (67.8777%)"
"xenium_mbrain_sp2","1",5327577,0.1389,"5,327,577 (13.8905%)"
"xenium_mbrain_sp2","2",2262637,0.059,"2,262,637 (5.8993%)"
"xenium_mbrain_sp2","3",1259626,0.0328,"1,259,626 (3.2842%)"
"xenium_mbrain_sp2","4",799431,0.0208,"799,431 (2.0843%)"
"xenium_mbrain_sp2","5",547219,0.0143,"547,219 (1.4268%)"
"xenium_mbrain_sp2","6",395460,0.0103,"395,460 (1.0311%)"
"xenium_mbrain_sp2","7",297610,0.0078,"297,610 (0.776%)"
"xenium_mbrain_sp2","8",229837,0.006,"229,837 (0.5992%)"
"xenium_mbrain_sp2","9",182027,0.0047,"182,027 (0.4746%)"
"xenium_mbrain_sp2","10",147060,0.0038,"147,060 (0.3834%)"
"xenium_mbrain_sp2","11",119755,0.0031,"119,755 (0.3122%)"
"xenium_mbrain_sp2","12",98792,0.0026,"98,792 (0.2576%)"
"xenium_mbrain_sp2","13",82518,0.0022,"82,518 (0.2151%)"
"xenium_mbrain_sp2","14",69950,0.0018,"69,950 (0.1824%)"
"xenium_mbrain_sp2","15",59138,0.0015,"59,138 (0.1542%)"
"xenium_mbrain_sp2","16",51052,0.0013,"51,052 (0.1331%)"
"xenium_mbrain_sp2","17",43969,0.0011,"43,969 (0.1146%)"
"xenium_mbrain_sp2","18",37660,0.001,"37,660 (0.0982%)"
"xenium_mbrain_sp2","19",32693,9e-04,"32,693 (0.0852%)"
"xenium_mbrain_sp2","20",28755,7e-04,"28,755 (0.075%)"
"xenium_mbrain_sp2","21",25069,7e-04,"25,069 (0.0654%)"
"xenium_mbrain_sp2","22",22233,6e-04,"22,233 (0.058%)"
"xenium_mbrain_sp2","23",19558,5e-04,"19,558 (0.051%)"
"xenium_mbrain_sp2","24",17228,4e-04,"17,228 (0.0449%)"
"xenium_mbrain_sp2","25",15655,4e-04,"15,655 (0.0408%)"
"xenium_mbrain_sp2","26",13786,4e-04,"13,786 (0.0359%)"
"xenium_mbrain_sp2","27",12403,3e-04,"12,403 (0.0323%)"
"xenium_mbrain_sp2","28",11103,3e-04,"11,103 (0.0289%)"
"xenium_mbrain_sp2","29",9894,3e-04,"9,894 (0.0258%)"
"xenium_mbrain_sp2","30",9092,2e-04,"9,092 (0.0237%)"
"xenium_mbrain_sp2","31",8080,2e-04,"8,080 (0.0211%)"
"xenium_mbrain_sp2","32",7251,2e-04,"7,251 (0.0189%)"
"xenium_mbrain_sp2","33",6715,2e-04,"6,715 (0.0175%)"
"xenium_mbrain_sp2","34",6032,2e-04,"6,032 (0.0157%)"
"xenium_mbrain_sp2","35",5522,1e-04,"5,522 (0.0144%)"
"xenium_mbrain_sp2","36",4973,1e-04,"4,973 (0.013%)"
"xenium_mbrain_sp2","37",4544,1e-04,"4,544 (0.0118%)"
"xenium_mbrain_sp2","38",4209,1e-04,"4,209 (0.011%)"
"xenium_mbrain_sp2","39",3773,1e-04,"3,773 (0.0098%)"
"xenium_mbrain_sp2","40",3419,1e-04,"3,419 (0.0089%)"
"xenium_mbrain_sp2","41",3076,1e-04,"3,076 (0.008%)"
"xenium_mbrain_sp2","42",2965,1e-04,"2,965 (0.0077%)"
"xenium_mbrain_sp2","43",2603,1e-04,"2,603 (0.0068%)"
"xenium_mbrain_sp2","44",2347,1e-04,"2,347 (0.0061%)"
"xenium_mbrain_sp2","45",2245,1e-04,"2,245 (0.0059%)"
"xenium_mbrain_sp2","46",1994,1e-04,"1,994 (0.0052%)"
"xenium_mbrain_sp2","47",1833,0,"1,833 (0.0048%)"
"xenium_mbrain_sp2","48",1646,0,"1,646 (0.0043%)"
"xenium_mbrain_sp2","49",1472,0,"1,472 (0.0038%)"
"xenium_mbrain_sp2","50",1335,0,"1,335 (0.0035%)"
"xenium_mbrain_sp2","51",1206,0,"1,206 (0.0031%)"
"xenium_mbrain_sp2","52",1177,0,"1,177 (0.0031%)"
"xenium_mbrain_sp2","53",1022,0,"1,022 (0.0027%)"
"xenium_mbrain_sp2","54",980,0,"980 (0.0026%)"
"xenium_mbrain_sp2","55",889,0,"889 (0.0023%)"
"xenium_mbrain_sp2","56",843,0,"843 (0.0022%)"
"xenium_mbrain_sp2","57",798,0,"798 (0.0021%)"
"xenium_mbrain_sp2","58",651,0,"651 (0.0017%)"
"xenium_mbrain_sp2","59",671,0,"671 (0.0017%)"
"xenium_mbrain_sp2","60",525,0,"525 (0.0014%)"
"xenium_mbrain_sp2","61",554,0,"554 (0.0014%)"
"xenium_mbrain_sp2","62",489,0,"489 (0.0013%)"
"xenium_mbrain_sp2","63",401,0,"401 (0.001%)"
"xenium_mbrain_sp2","64",407,0,"407 (0.0011%)"
"xenium_mbrain_sp2","65",398,0,"398 (0.001%)"
"xenium_mbrain_sp2","66",316,0,"316 (8e-04%)"
"xenium_mbrain_sp2","67",315,0,"315 (8e-04%)"
"xenium_mbrain_sp2","68",275,0,"275 (7e-04%)"
"xenium_mbrain_sp2","69",275,0,"275 (7e-04%)"
"xenium_mbrain_sp2","70",230,0,"230 (6e-04%)"
"xenium_mbrain_sp2","71",245,0,"245 (6e-04%)"
"xenium_mbrain_sp2","72",204,0,"204 (5e-04%)"
"xenium_mbrain_sp2","73",180,0,"180 (5e-04%)"
"xenium_mbrain_sp2","74",193,0,"193 (5e-04%)"
"xenium_mbrain_sp2","75",163,0,"163 (4e-04%)"
"xenium_mbrain_sp2","76",147,0,"147 (4e-04%)"
"xenium_mbrain_sp2","77",142,0,"142 (4e-04%)"
"xenium_mbrain_sp2","78",109,0,"109 (3e-04%)"
"xenium_mbrain_sp2","79",98,0,"98 (3e-04%)"
"xenium_mbrain_sp2","80",106,0,"106 (3e-04%)"
"xenium_mbrain_sp2","81",109,0,"109 (3e-04%)"
"xenium_mbrain_sp2","82",110,0,"110 (3e-04%)"
"xenium_mbrain_sp2","83",97,0,"97 (3e-04%)"
"xenium_mbrain_sp2","84",71,0,"71 (2e-04%)"
"xenium_mbrain_sp2","85",71,0,"71 (2e-04%)"
"xenium_mbrain_sp2","86",72,0,"72 (2e-04%)"
"xenium_mbrain_sp2","87",57,0,"57 (1e-04%)"
"xenium_mbrain_sp2","88",45,0,"45 (1e-04%)"
"xenium_mbrain_sp2","89",50,0,"50 (1e-04%)"
"xenium_mbrain_sp2","90",49,0,"49 (1e-04%)"
"xenium_mbrain_sp2","91",47,0,"47 (1e-04%)"
"xenium_mbrain_sp2","92",43,0,"43 (1e-04%)"
"xenium_mbrain_sp2","93",49,0,"49 (1e-04%)"
"xenium_mbrain_sp2","94",50,0,"50 (1e-04%)"
"xenium_mbrain_sp2","95",46,0,"46 (1e-04%)"
"xenium_mbrain_sp2","96",28,0,"28 (1e-04%)"
"xenium_mbrain_sp2","97",33,0,"33 (1e-04%)"
"xenium_mbrain_sp2","98",31,0,"31 (1e-04%)"
"xenium_mbrain_sp2","99",23,0,"23 (1e-04%)"
"xenium_mbrain_sp2","100",26,0,"26 (1e-04%)"
"xenium_mbrain_sp2","101",25,0,"25 (1e-04%)"
"xenium_mbrain_sp2","102",13,0,"13 (0%)"
"xenium_mbrain_sp2","103",25,0,"25 (1e-04%)"
"xenium_mbrain_sp2","104",25,0,"25 (1e-04%)"
"xenium_mbrain_sp2","105",9,0,"9 (0%)"
"xenium_mbrain_sp2","106",17,0,"17 (0%)"
"xenium_mbrain_sp2","107",15,0,"15 (0%)"
"xenium_mbrain_sp2","108",17,0,"17 (0%)"
"xenium_mbrain_sp2","109",10,0,"10 (0%)"
"xenium_mbrain_sp2","110",9,0,"9 (0%)"
"xenium_mbrain_sp2","111",5,0,"5 (0%)"
"xenium_mbrain_sp2","112",15,0,"15 (0%)"
"xenium_mbrain_sp2","113",8,0,"8 (0%)"
"xenium_mbrain_sp2","114",10,0,"10 (0%)"
"xenium_mbrain_sp2","115",9,0,"9 (0%)"
"xenium_mbrain_sp2","116",9,0,"9 (0%)"
"xenium_mbrain_sp2","117",8,0,"8 (0%)"
"xenium_mbrain_sp2","118",4,0,"4 (0%)"
"xenium_mbrain_sp2","119",6,0,"6 (0%)"
"xenium_mbrain_sp2","120",9,0,"9 (0%)"
"xenium_mbrain_sp2","121",1,0,"1 (0%)"
"xenium_mbrain_sp2","122",2,0,"2 (0%)"
"xenium_mbrain_sp2","123",3,0,"3 (0%)"
"xenium_mbrain_sp2","124",2,0,"2 (0%)"
"xenium_mbrain_sp2","125",6,0,"6 (0%)"
"xenium_mbrain_sp2","126",4,0,"4 (0%)"
"xenium_mbrain_sp2","127",3,0,"3 (0%)"
"xenium_mbrain_sp2","128",2,0,"2 (0%)"
"xenium_mbrain_sp2","129",3,0,"3 (0%)"
"xenium_mbrain_sp2","130",1,0,"1 (0%)"
"xenium_mbrain_sp2","132",2,0,"2 (0%)"
"xenium_mbrain_sp2","133",2,0,"2 (0%)"
"xenium_mbrain_sp2","136",1,0,"1 (0%)"
"xenium_mbrain_sp2","137",1,0,"1 (0%)"
"xenium_mbrain_sp2","139",3,0,"3 (0%)"
"xenium_mbrain_sp2","141",1,0,"1 (0%)"
"xenium_mbrain_sp2","142",2,0,"2 (0%)"
"xenium_mbrain_sp2","143",1,0,"1 (0%)"
"xenium_mbrain_sp2","144",1,0,"1 (0%)"
"xenium_mbrain_sp2","145",1,0,"1 (0%)"
"xenium_mbrain_sp2","148",1,0,"1 (0%)"
"xenium_mbrain_sp2","151",2,0,"2 (0%)"
"xenium_mbrain_sp2","155",1,0,"1 (0%)"
"xenium_mbrain_sp2","161",1,0,"1 (0%)"
"xenium_mbrain_sp2","164",1,0,"1 (0%)"
"xenium_mbrain_sp2","181",1,0,"1 (0%)"
"xenium_mbrain_sp3","0",26687248,0.6809,"26,687,248 (68.0873%)"
"xenium_mbrain_sp3","1",5359091,0.1367,"5,359,091 (13.6727%)"
"xenium_mbrain_sp3","2",2288385,0.0584,"2,288,385 (5.8384%)"
"xenium_mbrain_sp3","3",1282229,0.0327,"1,282,229 (3.2714%)"
"xenium_mbrain_sp3","4",815190,0.0208,"815,190 (2.0798%)"
"xenium_mbrain_sp3","5",560887,0.0143,"560,887 (1.431%)"
"xenium_mbrain_sp3","6",406533,0.0104,"406,533 (1.0372%)"
"xenium_mbrain_sp3","7",304766,0.0078,"304,766 (0.7776%)"
"xenium_mbrain_sp3","8",236425,0.006,"236,425 (0.6032%)"
"xenium_mbrain_sp3","9",188300,0.0048,"188,300 (0.4804%)"
"xenium_mbrain_sp3","10",151491,0.0039,"151,491 (0.3865%)"
"xenium_mbrain_sp3","11",124138,0.0032,"124,138 (0.3167%)"
"xenium_mbrain_sp3","12",103262,0.0026,"103,262 (0.2635%)"
"xenium_mbrain_sp3","13",86222,0.0022,"86,222 (0.22%)"
"xenium_mbrain_sp3","14",72788,0.0019,"72,788 (0.1857%)"
"xenium_mbrain_sp3","15",61674,0.0016,"61,674 (0.1573%)"
"xenium_mbrain_sp3","16",52982,0.0014,"52,982 (0.1352%)"
"xenium_mbrain_sp3","17",45698,0.0012,"45,698 (0.1166%)"
"xenium_mbrain_sp3","18",39273,0.001,"39,273 (0.1002%)"
"xenium_mbrain_sp3","19",34599,9e-04,"34,599 (0.0883%)"
"xenium_mbrain_sp3","20",30322,8e-04,"30,322 (0.0774%)"
"xenium_mbrain_sp3","21",26506,7e-04,"26,506 (0.0676%)"
"xenium_mbrain_sp3","22",23042,6e-04,"23,042 (0.0588%)"
"xenium_mbrain_sp3","23",20701,5e-04,"20,701 (0.0528%)"
"xenium_mbrain_sp3","24",18123,5e-04,"18,123 (0.0462%)"
"xenium_mbrain_sp3","25",16249,4e-04,"16,249 (0.0415%)"
"xenium_mbrain_sp3","26",14716,4e-04,"14,716 (0.0375%)"
"xenium_mbrain_sp3","27",13050,3e-04,"13,050 (0.0333%)"
"xenium_mbrain_sp3","28",11714,3e-04,"11,714 (0.0299%)"
"xenium_mbrain_sp3","29",10498,3e-04,"10,498 (0.0268%)"
"xenium_mbrain_sp3","30",9480,2e-04,"9,480 (0.0242%)"
"xenium_mbrain_sp3","31",8664,2e-04,"8,664 (0.0221%)"
"xenium_mbrain_sp3","32",7900,2e-04,"7,900 (0.0202%)"
"xenium_mbrain_sp3","33",7200,2e-04,"7,200 (0.0184%)"
"xenium_mbrain_sp3","34",6500,2e-04,"6,500 (0.0166%)"
"xenium_mbrain_sp3","35",5884,2e-04,"5,884 (0.015%)"
"xenium_mbrain_sp3","36",5287,1e-04,"5,287 (0.0135%)"
"xenium_mbrain_sp3","37",4864,1e-04,"4,864 (0.0124%)"
"xenium_mbrain_sp3","38",4370,1e-04,"4,370 (0.0111%)"
"xenium_mbrain_sp3","39",4047,1e-04,"4,047 (0.0103%)"
"xenium_mbrain_sp3","40",3628,1e-04,"3,628 (0.0093%)"
"xenium_mbrain_sp3","41",3383,1e-04,"3,383 (0.0086%)"
"xenium_mbrain_sp3","42",3097,1e-04,"3,097 (0.0079%)"
"xenium_mbrain_sp3","43",2786,1e-04,"2,786 (0.0071%)"
"xenium_mbrain_sp3","44",2643,1e-04,"2,643 (0.0067%)"
"xenium_mbrain_sp3","45",2389,1e-04,"2,389 (0.0061%)"
"xenium_mbrain_sp3","46",2219,1e-04,"2,219 (0.0057%)"
"xenium_mbrain_sp3","47",2009,1e-04,"2,009 (0.0051%)"
"xenium_mbrain_sp3","48",1789,0,"1,789 (0.0046%)"
"xenium_mbrain_sp3","49",1698,0,"1,698 (0.0043%)"
"xenium_mbrain_sp3","50",1549,0,"1,549 (0.004%)"
"xenium_mbrain_sp3","51",1432,0,"1,432 (0.0037%)"
"xenium_mbrain_sp3","52",1334,0,"1,334 (0.0034%)"
"xenium_mbrain_sp3","53",1195,0,"1,195 (0.003%)"
"xenium_mbrain_sp3","54",1083,0,"1,083 (0.0028%)"
"xenium_mbrain_sp3","55",1016,0,"1,016 (0.0026%)"
"xenium_mbrain_sp3","56",903,0,"903 (0.0023%)"
"xenium_mbrain_sp3","57",845,0,"845 (0.0022%)"
"xenium_mbrain_sp3","58",837,0,"837 (0.0021%)"
"xenium_mbrain_sp3","59",687,0,"687 (0.0018%)"
"xenium_mbrain_sp3","60",722,0,"722 (0.0018%)"
"xenium_mbrain_sp3","61",565,0,"565 (0.0014%)"
"xenium_mbrain_sp3","62",566,0,"566 (0.0014%)"
"xenium_mbrain_sp3","63",487,0,"487 (0.0012%)"
"xenium_mbrain_sp3","64",472,0,"472 (0.0012%)"
"xenium_mbrain_sp3","65",406,0,"406 (0.001%)"
"xenium_mbrain_sp3","66",404,0,"404 (0.001%)"
"xenium_mbrain_sp3","67",369,0,"369 (9e-04%)"
"xenium_mbrain_sp3","68",369,0,"369 (9e-04%)"
"xenium_mbrain_sp3","69",306,0,"306 (8e-04%)"
"xenium_mbrain_sp3","70",260,0,"260 (7e-04%)"
"xenium_mbrain_sp3","71",272,0,"272 (7e-04%)"
"xenium_mbrain_sp3","72",244,0,"244 (6e-04%)"
"xenium_mbrain_sp3","73",209,0,"209 (5e-04%)"
"xenium_mbrain_sp3","74",228,0,"228 (6e-04%)"
"xenium_mbrain_sp3","75",208,0,"208 (5e-04%)"
"xenium_mbrain_sp3","76",218,0,"218 (6e-04%)"
"xenium_mbrain_sp3","77",156,0,"156 (4e-04%)"
"xenium_mbrain_sp3","78",138,0,"138 (4e-04%)"
"xenium_mbrain_sp3","79",146,0,"146 (4e-04%)"
"xenium_mbrain_sp3","80",148,0,"148 (4e-04%)"
"xenium_mbrain_sp3","81",128,0,"128 (3e-04%)"
"xenium_mbrain_sp3","82",110,0,"110 (3e-04%)"
"xenium_mbrain_sp3","83",99,0,"99 (3e-04%)"
"xenium_mbrain_sp3","84",110,0,"110 (3e-04%)"
"xenium_mbrain_sp3","85",100,0,"100 (3e-04%)"
"xenium_mbrain_sp3","86",74,0,"74 (2e-04%)"
"xenium_mbrain_sp3","87",85,0,"85 (2e-04%)"
"xenium_mbrain_sp3","88",77,0,"77 (2e-04%)"
"xenium_mbrain_sp3","89",80,0,"80 (2e-04%)"
"xenium_mbrain_sp3","90",53,0,"53 (1e-04%)"
"xenium_mbrain_sp3","91",52,0,"52 (1e-04%)"
"xenium_mbrain_sp3","92",53,0,"53 (1e-04%)"
"xenium_mbrain_sp3","93",65,0,"65 (2e-04%)"
"xenium_mbrain_sp3","94",60,0,"60 (2e-04%)"
"xenium_mbrain_sp3","95",45,0,"45 (1e-04%)"
"xenium_mbrain_sp3","96",42,0,"42 (1e-04%)"
"xenium_mbrain_sp3","97",57,0,"57 (1e-04%)"
"xenium_mbrain_sp3","98",40,0,"40 (1e-04%)"
"xenium_mbrain_sp3","99",40,0,"40 (1e-04%)"
"xenium_mbrain_sp3","100",33,0,"33 (1e-04%)"
"xenium_mbrain_sp3","101",48,0,"48 (1e-04%)"
"xenium_mbrain_sp3","102",31,0,"31 (1e-04%)"
"xenium_mbrain_sp3","103",27,0,"27 (1e-04%)"
"xenium_mbrain_sp3","104",27,0,"27 (1e-04%)"
"xenium_mbrain_sp3","105",31,0,"31 (1e-04%)"
"xenium_mbrain_sp3","106",19,0,"19 (0%)"
"xenium_mbrain_sp3","107",35,0,"35 (1e-04%)"
"xenium_mbrain_sp3","108",27,0,"27 (1e-04%)"
"xenium_mbrain_sp3","109",20,0,"20 (1e-04%)"
"xenium_mbrain_sp3","110",18,0,"18 (0%)"
"xenium_mbrain_sp3","111",13,0,"13 (0%)"
"xenium_mbrain_sp3","112",16,0,"16 (0%)"
"xenium_mbrain_sp3","113",16,0,"16 (0%)"
"xenium_mbrain_sp3","114",19,0,"19 (0%)"
"xenium_mbrain_sp3","115",12,0,"12 (0%)"
"xenium_mbrain_sp3","116",10,0,"10 (0%)"
"xenium_mbrain_sp3","117",15,0,"15 (0%)"
"xenium_mbrain_sp3","118",11,0,"11 (0%)"
"xenium_mbrain_sp3","119",6,0,"6 (0%)"
"xenium_mbrain_sp3","120",10,0,"10 (0%)"
"xenium_mbrain_sp3","121",9,0,"9 (0%)"
"xenium_mbrain_sp3","122",10,0,"10 (0%)"
"xenium_mbrain_sp3","123",9,0,"9 (0%)"
"xenium_mbrain_sp3","124",7,0,"7 (0%)"
"xenium_mbrain_sp3","125",6,0,"6 (0%)"
"xenium_mbrain_sp3","126",5,0,"5 (0%)"
"xenium_mbrain_sp3","127",12,0,"12 (0%)"
"xenium_mbrain_sp3","128",7,0,"7 (0%)"
"xenium_mbrain_sp3","129",1,0,"1 (0%)"
"xenium_mbrain_sp3","130",5,0,"5 (0%)"
"xenium_mbrain_sp3","131",3,0,"3 (0%)"
"xenium_mbrain_sp3","132",2,0,"2 (0%)"
"xenium_mbrain_sp3","133",7,0,"7 (0%)"
"xenium_mbrain_sp3","134",4,0,"4 (0%)"
"xenium_mbrain_sp3","135",3,0,"3 (0%)"
"xenium_mbrain_sp3","136",2,0,"2 (0%)"
"xenium_mbrain_sp3","137",1,0,"1 (0%)"
"xenium_mbrain_sp3","138",2,0,"2 (0%)"
"xenium_mbrain_sp3","139",3,0,"3 (0%)"
"xenium_mbrain_sp3","140",2,0,"2 (0%)"
"xenium_mbrain_sp3","141",1,0,"1 (0%)"
"xenium_mbrain_sp3","142",1,0,"1 (0%)"
"xenium_mbrain_sp3","144",3,0,"3 (0%)"
"xenium_mbrain_sp3","145",1,0,"1 (0%)"
"xenium_mbrain_sp3","146",1,0,"1 (0%)"
"xenium_mbrain_sp3","147",4,0,"4 (0%)"
"xenium_mbrain_sp3","148",3,0,"3 (0%)"
"xenium_mbrain_sp3","151",1,0,"1 (0%)"
"xenium_mbrain_sp3","153",1,0,"1 (0%)"
"xenium_mbrain_sp3","155",1,0,"1 (0%)"
"xenium_mbrain_sp3","157",2,0,"2 (0%)"
"xenium_mbrain_sp3","159",1,0,"1 (0%)"
"xenium_mbrain_sp3","160",1,0,"1 (0%)"
"xenium_mbrain_sp3","164",1,0,"1 (0%)"
"xenium_mbrain_sp3","168",1,0,"1 (0%)"
"xenium_mbrain_sp3","169",1,0,"1 (0%)"
"xenium_mbrain_sp3","170",1,0,"1 (0%)"
"xenium_mbrain_sp3","176",1,0,"1 (0%)"
"xenium_mbrain_sp3","190",1,0,"1 (0%)"
"xenium_mbrain_sp3","193",1,0,"1 (0%)"
"xenium_mbrain_sp3","210",1,0,"1 (0%)"
